775,-100,-72,-100,-89,-88,-100,-87,-100,-79,-79,-100,-56,-80,-100,-87,-100,-56,-78,-78,-100,-72,-100,-90,-88,-79,-100
775,-100,-69,-100,-93,-90,-100,-90,-100,-75,-70,-100,-55,-77,-100,-88,-100,-55,-73,-75,-100,-70,-100,-100,-91,-77,-100
775,-100,-79,-100,-100,-90,-100,-94,-100,-73,-72,-100,-56,-79,-100,-95,-100,-56,-72,-73,-100,-75,-100,-100,-90,-78,-100
775,-100,-71,-100,-89,-90,-100,-100,-100,-76,-68,-100,-51,-73,-100,-100,-100,-51,-68,-76,-100,-71,-100,-90,-91,-72,-100
775,-100,-67,-100,-89,-88,-100,-87,-100,-75,-72,-100,-51,-77,-100,-87,-100,-51,-72,-74,-100,-68,-100,-90,-88,-76,-100
776,-100,-65,-100,-93,-90,-100,-88,-100,-80,-69,-100,-61,-76,-100,-88,-100,-60,-70,-80,-100,-68,-100,-100,-91,-76,-100
776,-100,-69,-100,-92,-100,-100,-84,-100,-81,-73,-100,-54,-67,-100,-84,-100,-54,-73,-81,-100,-72,-100,-91,-100,-67,-100
776,-100,-71,-100,-92,-100,-100,-89,-100,-79,-69,-100,-62,-67,-100,-89,-100,-62,-70,-79,-100,-73,-100,-91,-100,-67,-100
776,-100,-72,-100,-92,-100,-100,-89,-100,-79,-66,-100,-54,-70,-100,-89,-100,-54,-66,-80,-100,-71,-100,-92,-100,-70,-100
776,-100,-73,-100,-92,-100,-100,-88,-100,-75,-70,-100,-58,-68,-100,-88,-100,-57,-71,-76,-100,-70,-100,-92,-91,-68,-100
803,-100,-71,-100,-92,-89,-100,-75,-100,-72,-66,-100,-44,-68,-100,-85,-100,-44,-67,-73,-100,-69,-100,-93,-88,-67,-100
803,-100,-72,-100,-91,-88,-100,-84,-100,-64,-63,-100,-38,-76,-100,-84,-100,-38,-64,-63,-100,-71,-100,-87,-89,-76,-100
803,-100,-77,-100,-91,-89,-100,-84,-100,-74,-74,-100,-42,-80,-100,-84,-100,-42,-72,-74,-100,-78,-100,-91,-90,-81,-100
803,-100,-80,-100,-92,-89,-100,-84,-100,-74,-74,-100,-50,-74,-100,-84,-100,-50,-74,-74,-100,-80,-100,-91,-90,-74,-100
803,-100,-71,-100,-92,-89,-100,-75,-100,-76,-66,-100,-47,-80,-100,-100,-100,-47,-67,-76,-100,-69,-100,-93,-88,-80,-100
804,-100,-67,-100,-91,-91,-100,-88,-100,-78,-66,-100,-57,-76,-100,-88,-100,-56,-66,-78,-100,-63,-100,-91,-89,-76,-100
804,-100,-68,-100,-90,-89,-100,-82,-100,-67,-65,-100,-50,-74,-100,-85,-100,-50,-64,-66,-100,-67,-100,-90,-88,-74,-100
804,-100,-78,-100,-90,-87,-100,-73,-100,-63,-67,-100,-49,-72,-100,-72,-100,-49,-67,-63,-100,-78,-100,-90,-87,-71,-100
804,-100,-75,-100,-90,-91,-100,-72,-100,-76,-68,-100,-52,-66,-100,-72,-100,-53,-67,-76,-100,-75,-100,-90,-91,-66,-100
804,-100,-67,-100,-91,-91,-100,-84,-100,-79,-72,-100,-51,-83,-100,-84,-100,-51,-71,-79,-100,-68,-100,-91,-91,-82,-100
831,-100,-79,-100,-83,-88,-100,-79,-100,-76,-61,-100,-51,-67,-100,-79,-100,-51,-61,-75,-100,-76,-100,-83,-87,-67,-100
831,-100,-81,-100,-84,-83,-100,-76,-100,-71,-67,-100,-55,-72,-100,-80,-100,-55,-68,-71,-100,-80,-100,-88,-83,-72,-100
831,-100,-81,-100,-87,-86,-100,-81,-100,-73,-63,-100,-55,-63,-100,-80,-100,-55,-63,-72,-100,-76,-100,-87,-85,-63,-100
831,-100,-78,-100,-87,-90,-100,-78,-100,-77,-64,-100,-56,-69,-100,-78,-100,-56,-65,-77,-100,-76,-100,-87,-88,-69,-100
831,-100,-75,-100,-90,-85,-100,-100,-100,-72,-65,-100,-47,-77,-100,-100,-100,-47,-65,-71,-100,-75,-100,-89,-85,-76,-100
832,-100,-76,-100,-86,-84,-100,-89,-100,-65,-65,-100,-47,-68,-100,-89,-100,-46,-64,-65,-100,-75,-100,-85,-84,-68,-100
832,-100,-76,-100,-89,-83,-100,-75,-100,-73,-65,-100,-58,-65,-100,-75,-100,-60,-65,-73,-100,-74,-100,-89,-83,-64,-100
832,-100,-76,-100,-91,-85,-100,-75,-100,-75,-64,-100,-53,-77,-100,-75,-100,-53,-65,-73,-100,-74,-100,-89,-86,-77,-100
832,-100,-77,-100,-90,-88,-100,-75,-100,-75,-67,-100,-56,-74,-100,-75,-100,-56,-69,-74,-100,-72,-100,-88,-89,-73,-100
832,-100,-77,-100,-88,-89,-100,-79,-100,-75,-64,-100,-47,-69,-100,-79,-100,-47,-64,-76,-100,-78,-100,-88,-90,-69,-100
860,-100,-77,-100,-85,-81,-100,-87,-100,-77,-60,-100,-62,-69,-100,-87,-100,-62,-60,-77,-100,-77,-100,-85,-81,-69,-100
860,-100,-76,-100,-83,-81,-100,-87,-100,-80,-63,-100,-52,-64,-100,-87,-100,-52,-62,-80,-100,-76,-100,-82,-85,-64,-100
860,-100,-84,-100,-85,-86,-100,-90,-100,-75,-65,-100,-53,-67,-100,-89,-100,-53,-65,-75,-100,-84,-100,-84,-85,-67,-100
860,-100,-80,-100,-85,-84,-100,-87,-100,-79,-65,-100,-54,-75,-100,-87,-100,-54,-64,-79,-100,-80,-100,-85,-85,-75,-100
860,-100,-77,-100,-85,-84,-100,-87,-100,-77,-61,-100,-62,-75,-100,-87,-100,-62,-61,-77,-100,-76,-100,-85,-85,-75,-100
864,-100,-82,-100,-90,-82,-100,-90,-100,-89,-71,-100,-82,-67,-100,-89,-100,-82,-71,-85,-100,-82,-100,-88,-82,-67,-100
864,-100,-85,-100,-91,-84,-100,-100,-100,-91,-76,-100,-82,-71,-100,-100,-100,-81,-75,-90,-100,-84,-100,-90,-84,-69,-100
864,-100,-82,-100,-89,-77,-100,-90,-100,-80,-63,-100,-74,-77,-100,-88,-100,-74,-63,-78,-100,-82,-100,-88,-80,-77,-100
864,-100,-82,-100,-90,-79,-100,-90,-100,-85,-71,-100,-78,-70,-100,-89,-100,-78,-71,-85,-100,-82,-100,-88,-80,-70,-100
864,-100,-82,-100,-91,-86,-100,-90,-100,-89,-64,-100,-78,-72,-100,-89,-100,-82,-65,-85,-100,-81,-100,-89,-90,-72,-100
865,-100,-89,-100,-89,-85,-100,-89,-100,-88,-73,-100,-75,-77,-100,-89,-100,-76,-74,-87,-100,-88,-100,-88,-85,-77,-100
865,-100,-91,-100,-90,-84,-100,-89,-100,-87,-76,-100,-79,-77,-100,-89,-100,-80,-77,-87,-100,-92,-100,-89,-84,-77,-100
865,-100,-92,-100,-92,-88,-100,-89,-100,-88,-67,-100,-84,-77,-100,-89,-100,-84,-66,-88,-100,-92,-100,-88,-88,-76,-100
865,-100,-92,-100,-90,-88,-100,-91,-100,-87,-69,-100,-80,-80,-100,-90,-100,-83,-68,-87,-100,-92,-100,-88,-88,-80,-100
865,-100,-92,-100,-88,-90,-100,-92,-100,-88,-75,-100,-78,-77,-100,-90,-100,-78,-75,-87,-100,-91,-100,-87,-89,-76,-100
888,-100,-83,-100,-80,-81,-100,-100,-100,-81,-58,-100,-63,-67,-100,-87,-100,-63,-58,-82,-100,-82,-100,-80,-83,-67,-100
888,-100,-89,-100,-79,-81,-100,-87,-100,-81,-56,-100,-62,-73,-100,-86,-100,-62,-55,-81,-100,-79,-100,-79,-78,-73,-100
888,-100,-79,-100,-82,-81,-100,-82,-100,-81,-60,-100,-59,-64,-100,-81,-100,-59,-59,-80,-100,-79,-100,-82,-82,-65,-100
888,-100,-79,-100,-83,-85,-100,-85,-100,-89,-65,-100,-61,-68,-100,-85,-100,-61,-66,-82,-100,-79,-100,-85,-86,-69,-100
888,-100,-81,-100,-80,-83,-100,-100,-100,-85,-59,-100,-59,-79,-100,-100,-100,-59,-59,-82,-100,-80,-100,-88,-84,-79,-100
889,-100,-76,-100,-73,-81,-100,-84,-100,-89,-59,-100,-59,-66,-100,-84,-100,-59,-59,-84,-100,-77,-100,-73,-81,-66,-100
889,-100,-80,-100,-79,-79,-100,-88,-100,-83,-59,-100,-60,-65,-100,-90,-100,-60,-59,-82,-100,-80,-100,-79,-78,-65,-100
889,-100,-75,-100,-78,-85,-100,-85,-100,-83,-57,-100,-69,-65,-100,-85,-100,-69,-56,-82,-100,-75,-100,-78,-86,-65,-100
889,-100,-79,-100,-75,-81,-100,-85,-100,-83,-58,-100,-58,-66,-100,-85,-100,-58,-58,-81,-100,-79,-100,-75,-82,-65,-100
889,-100,-78,-100,-69,-79,-100,-84,-100,-85,-60,-100,-67,-68,-100,-85,-100,-70,-60,-85,-100,-78,-100,-72,-79,-68,-100
890,-100,-80,-100,-80,-82,-100,-71,-100,-84,-61,-100,-64,-69,-100,-71,-100,-64,-62,-85,-100,-80,-100,-81,-81,-69,-100
890,-100,-85,-100,-79,-82,-100,-78,-100,-86,-62,-100,-65,-77,-100,-78,-100,-65,-62,-87,-100,-80,-100,-80,-82,-78,-100
890,-100,-80,-100,-77,-87,-100,-76,-100,-80,-71,-100,-65,-65,-100,-75,-100,-65,-70,-81,-100,-78,-100,-77,-88,-65,-100
890,-100,-80,-100,-81,-79,-100,-80,-100,-80,-71,-100,-66,-65,-100,-79,-100,-65,-70,-81,-100,-78,-100,-80,-80,-65,-100
890,-100,-80,-100,-80,-78,-100,-77,-100,-84,-62,-100,-63,-61,-100,-77,-100,-63,-62,-85,-100,-80,-100,-83,-77,-61,-100
891,-100,-86,-100,-80,-80,-100,-72,-100,-91,-72,-100,-70,-71,-100,-72,-100,-70,-73,-89,-100,-86,-100,-81,-80,-71,-100
891,-100,-86,-100,-87,-85,-100,-83,-100,-89,-61,-100,-77,-68,-100,-83,-100,-77,-61,-88,-100,-86,-100,-87,-84,-68,-100
891,-100,-86,-100,-83,-83,-100,-83,-100,-89,-61,-100,-74,-71,-100,-83,-100,-73,-61,-88,-100,-86,-100,-83,-83,-71,-100
891,-100,-86,-100,-81,-81,-100,-75,-100,-87,-72,-100,-69,-69,-100,-75,-100,-69,-73,-89,-100,-86,-100,-81,-81,-68,-100
891,-100,-86,-100,-78,-83,-100,-78,-100,-87,-68,-100,-65,-69,-100,-77,-100,-65,-69,-89,-100,-86,-100,-80,-83,-68,-100
892,-100,-86,-100,-87,-83,-100,-93,-100,-91,-71,-100,-76,-62,-100,-92,-100,-76,-71,-91,-100,-87,-100,-88,-83,-62,-100
892,-100,-91,-100,-87,-78,-100,-88,-100,-89,-71,-100,-81,-61,-100,-89,-100,-82,-71,-90,-100,-91,-100,-91,-78,-61,-100
892,-100,-86,-100,-89,-80,-100,-90,-100,-87,-75,-100,-74,-63,-100,-89,-100,-74,-74,-88,-100,-87,-100,-90,-81,-63,-100
892,-100,-86,-100,-89,-81,-100,-90,-100,-87,-75,-100,-74,-67,-100,-89,-100,-74,-74,-88,-100,-87,-100,-90,-81,-67,-100
892,-100,-87,-100,-87,-83,-100,-93,-100,-92,-61,-100,-73,-71,-100,-93,-100,-73,-61,-91,-100,-88,-100,-88,-82,-70,-100
893,-100,-86,-100,-85,-76,-100,-90,-100,-90,-72,-100,-74,-85,-100,-88,-100,-73,-72,-90,-100,-86,-100,-84,-77,-85,-100
893,-100,-88,-100,-84,-81,-100,-86,-100,-90,-65,-100,-82,-78,-100,-85,-100,-83,-65,-90,-100,-88,-100,-84,-80,-78,-100
893,-100,-91,-100,-87,-77,-100,-86,-100,-91,-69,-100,-77,-78,-100,-85,-100,-77,-69,-89,-100,-92,-100,-87,-76,-78,-100
893,-100,-91,-100,-87,-83,-100,-86,-100,-88,-69,-100,-77,-83,-100,-85,-100,-77,-69,-87,-100,-92,-100,-87,-80,-83,-100
893,-100,-83,-100,-85,-76,-100,-100,-100,-89,-68,-100,-78,-77,-100,-85,-100,-77,-68,-90,-100,-82,-100,-84,-77,-77,-100
910,-100,-100,-100,-100,-89,-100,-100,-78,-76,-47,-100,-68,-81,-100,-100,-78,-68,-47,-76,-100,-100,-100,-100,-87,-77,-100
910,-100,-100,-100,-100,-91,-100,-100,-78,-80,-51,-100,-70,-81,-100,-100,-76,-70,-52,-80,-100,-100,-100,-100,-90,-81,-100
910,-100,-100,-100,-100,-91,-100,-100,-80,-76,-49,-100,-66,-81,-100,-100,-81,-66,-49,-75,-100,-100,-100,-100,-90,-81,-100
910,-100,-100,-100,-100,-100,-100,-100,-82,-81,-54,-100,-67,-75,-100,-100,-81,-66,-54,-80,-100,-100,-100,-100,-92,-75,-100
910,-100,-100,-100,-100,-100,-100,-100,-82,-78,-54,-100,-67,-75,-100,-100,-83,-67,-54,-77,-100,-100,-100,-100,-92,-75,-100
911,-100,-100,-100,-100,-89,-100,-100,-79,-82,-46,-100,-64,-77,-100,-100,-79,-65,-46,-82,-100,-100,-100,-100,-89,-77,-100
911,-100,-100,-100,-100,-85,-100,-100,-77,-85,-53,-100,-65,-77,-100,-100,-77,-64,-54,-86,-100,-100,-100,-100,-84,-77,-100
911,-100,-100,-100,-100,-87,-100,-100,-81,-80,-50,-100,-70,-77,-100,-100,-80,-71,-50,-80,-100,-100,-100,-100,-88,-77,-100
911,-100,-100,-100,-100,-83,-100,-100,-81,-80,-46,-100,-64,-81,-100,-100,-77,-64,-46,-80,-100,-100,-100,-100,-88,-77,-100
911,-100,-100,-100,-100,-89,-100,-100,-78,-84,-47,-100,-64,-76,-100,-100,-78,-64,-47,-84,-100,-100,-100,-100,-90,-74,-100
916,-100,-80,-100,-72,-79,-100,-89,-100,-75,-56,-100,-59,-66,-100,-90,-100,-59,-56,-76,-100,-75,-100,-73,-79,-66,-100
916,-100,-80,-100,-74,-79,-100,-81,-100,-75,-48,-100,-66,-65,-100,-82,-100,-67,-48,-76,-100,-75,-100,-74,-79,-65,-100
916,-100,-80,-100,-73,-79,-100,-89,-100,-83,-58,-100,-59,-66,-100,-90,-100,-59,-58,-83,-100,-79,-100,-73,-78,-67,-100
916,-100,-80,-100,-79,-79,-100,-89,-100,-83,-51,-100,-64,-62,-100,-90,-100,-64,-51,-83,-100,-79,-100,-79,-77,-63,-100
916,-100,-83,-100,-77,-78,-100,-81,-100,-86,-52,-100,-69,-60,-100,-82,-100,-67,-52,-87,-100,-75,-100,-77,-78,-60,-100
920,-100,-85,-100,-77,-78,-100,-86,-100,-88,-67,-100,-78,-69,-100,-86,-100,-80,-69,-88,-100,-84,-100,-78,-78,-69,-100
920,-100,-87,-100,-86,-79,-100,-84,-100,-91,-64,-100,-76,-67,-100,-85,-100,-73,-64,-92,-100,-87,-100,-86,-78,-67,-100
920,-100,-100,-100,-76,-80,-100,-86,-100,-88,-64,-100,-73,-64,-100,-86,-100,-74,-64,-88,-100,-91,-100,-82,-81,-64,-100
920,-100,-100,-100,-82,-75,-100,-89,-100,-88,-63,-100,-68,-58,-100,-89,-100,-69,-62,-88,-100,-87,-100,-82,-75,-58,-100
920,-100,-85,-100,-82,-79,-100,-87,-100,-88,-63,-100,-68,-58,-100,-87,-100,-69,-62,-88,-100,-84,-100,-82,-78,-58,-100
938,-100,-100,-100,-87,-91,-100,-90,-73,-81,-44,-100,-57,-73,-100,-100,-73,-57,-44,-81,-100,-100,-100,-87,-92,-72,-100
938,-100,-100,-100,-100,-94,-100,-90,-72,-88,-47,-100,-61,-75,-100,-100,-72,-64,-47,-87,-100,-100,-100,-100,-93,-74,-100
938,-100,-100,-100,-100,-94,-100,-100,-64,-89,-42,-100,-59,-68,-100,-100,-65,-59,-42,-83,-100,-100,-100,-100,-93,-66,-100
938,-100,-100,-100,-100,-91,-100,-100,-67,-83,-45,-100,-65,-75,-100,-92,-67,-67,-45,-83,-100,-100,-100,-100,-90,-75,-100
938,-100,-100,-100,-91,-91,-100,-100,-72,-82,-46,-100,-73,-69,-100,-92,-72,-73,-46,-84,-100,-100,-100,-100,-90,-69,-100
939,-100,-100,-100,-89,-84,-100,-100,-68,-90,-48,-100,-69,-82,-100,-100,-67,-69,-47,-90,-100,-100,-100,-100,-87,-82,-100
939,-100,-100,-100,-100,-92,-100,-100,-71,-86,-40,-100,-56,-77,-100,-100,-72,-56,-39,-86,-100,-100,-100,-100,-91,-76,-100
939,-100,-100,-100,-89,-84,-100,-100,-68,-85,-48,-100,-66,-73,-100,-89,-67,-66,-48,-84,-100,-100,-100,-100,-87,-76,-100
939,-100,-100,-100,-91,-84,-100,-100,-74,-82,-42,-100,-70,-73,-100,-89,-74,-70,-42,-82,-100,-100,-100,-100,-84,-73,-100
939,-100,-100,-100,-100,-92,-100,-100,-74,-89,-37,-100,-65,-81,-100,-100,-74,-63,-37,-88,-100,-100,-100,-100,-90,-80,-100
944,-100,-85,-100,-85,-73,-100,-76,-100,-87,-57,-100,-66,-52,-100,-76,-100,-66,-57,-86,-100,-85,-100,-84,-73,-51,-100
944,-100,-85,-100,-77,-69,-100,-76,-100,-89,-57,-100,-70,-59,-100,-76,-100,-71,-57,-88,-100,-85,-100,-73,-69,-59,-100
944,-100,-100,-100,-76,-73,-100,-100,-100,-84,-52,-100,-68,-59,-100,-100,-100,-68,-52,-84,-100,-100,-100,-76,-73,-59,-100
944,-100,-100,-100,-74,-78,-100,-100,-100,-86,-51,-100,-76,-58,-100,-100,-100,-73,-51,-86,-100,-100,-100,-74,-78,-59,-100
944,-100,-85,-100,-75,-74,-100,-76,-100,-86,-49,-100,-64,-54,-100,-76,-100,-64,-48,-86,-100,-85,-100,-75,-74,-55,-100
948,-100,-100,-100,-74,-65,-100,-100,-100,-88,-55,-100,-73,-65,-100,-100,-100,-73,-55,-88,-100,-100,-100,-74,-65,-65,-100
948,-100,-85,-100,-77,-73,-100,-86,-100,-84,-65,-100,-68,-61,-100,-86,-100,-67,-66,-84,-100,-84,-100,-78,-74,-61,-100
948,-100,-85,-100,-81,-73,-100,-86,-100,-84,-67,-100,-72,-60,-100,-86,-100,-72,-67,-84,-100,-84,-100,-80,-74,-60,-100
948,-100,-89,-100,-81,-75,-100,-100,-100,-86,-55,-100,-76,-60,-100,-100,-100,-76,-55,-86,-100,-88,-100,-80,-75,-60,-100
948,-100,-89,-100,-78,-79,-100,-100,-100,-85,-55,-100,-72,-57,-100,-100,-100,-72,-55,-85,-100,-88,-100,-76,-78,-57,-100
953,-100,-100,-100,-55,-40,-100,-100,-100,-100,-77,-100,-87,-77,-100,-100,-100,-87,-80,-100,-100,-100,-100,-55,-40,-77,-100
953,-100,-100,-100,-59,-40,-100,-100,-100,-100,-77,-100,-87,-69,-100,-100,-100,-87,-80,-100,-100,-100,-100,-59,-40,-71,-100
953,-100,-100,-100,-65,-42,-100,-100,-100,-100,-83,-100,-100,-79,-100,-95,-100,-100,-84,-100,-100,-100,-100,-65,-42,-78,-100
953,-100,-100,-100,-61,-42,-100,-100,-100,-100,-83,-100,-87,-79,-100,-95,-100,-87,-84,-100,-100,-100,-100,-61,-42,-78,-100
953,-100,-100,-100,-59,-40,-100,-100,-100,-100,-77,-100,-87,-79,-100,-100,-100,-87,-80,-100,-100,-100,-100,-59,-40,-78,-100
954,-100,-100,-100,-60,-39,-100,-93,-100,-100,-83,-100,-100,-78,-100,-93,-100,-92,-83,-100,-100,-100,-100,-60,-39,-78,-100
954,-100,-100,-100,-49,-41,-100,-100,-100,-100,-83,-100,-88,-69,-100,-95,-100,-84,-84,-100,-100,-100,-100,-49,-41,-71,-100
954,-100,-100,-100,-62,-42,-100,-93,-100,-100,-83,-100,-88,-80,-100,-93,-100,-92,-84,-100,-100,-100,-100,-62,-42,-80,-100
954,-100,-100,-100,-52,-42,-100,-93,-100,-100,-86,-100,-88,-77,-100,-93,-100,-92,-87,-100,-100,-100,-100,-52,-42,-76,-100
954,-100,-100,-100,-60,-41,-100,-93,-100,-100,-86,-100,-88,-77,-100,-93,-100,-92,-87,-100,-100,-100,-100,-60,-41,-76,-100
955,-100,-100,-100,-61,-48,-100,-100,-100,-100,-83,-100,-100,-78,-100,-100,-100,-100,-83,-100,-100,-100,-100,-61,-48,-78,-100
955,-100,-100,-100,-67,-46,-100,-100,-100,-100,-100,-100,-90,-76,-100,-100,-100,-90,-100,-100,-100,-100,-100,-67,-46,-76,-100
955,-100,-100,-100,-65,-49,-100,-100,-100,-100,-100,-100,-100,-76,-100,-100,-100,-100,-100,-100,-100,-100,-100,-65,-49,-76,-100
955,-100,-100,-100,-70,-45,-100,-100,-100,-100,-100,-100,-100,-76,-100,-100,-100,-100,-100,-100,-100,-100,-100,-70,-45,-76,-100
955,-100,-100,-100,-67,-51,-100,-100,-100,-100,-83,-100,-100,-78,-100,-100,-100,-100,-83,-100,-100,-100,-100,-66,-51,-78,-100
966,-100,-100,-100,-100,-92,-100,-87,-76,-85,-48,-100,-71,-63,-100,-85,-75,-72,-48,-85,-100,-100,-100,-100,-91,-63,-100
966,-100,-100,-100,-90,-92,-100,-100,-71,-88,-47,-100,-71,-59,-100,-85,-71,-72,-47,-88,-100,-100,-100,-100,-91,-59,-100
966,-100,-100,-100,-90,-90,-100,-100,-69,-87,-45,-100,-75,-60,-100,-100,-69,-76,-45,-87,-100,-100,-100,-100,-89,-60,-100
966,-100,-100,-100,-90,-90,-100,-93,-73,-89,-56,-100,-75,-66,-100,-100,-72,-76,-56,-89,-100,-100,-100,-100,-89,-65,-100
966,-100,-100,-100,-90,-88,-100,-93,-76,-87,-48,-100,-73,-62,-100,-94,-76,-71,-48,-87,-100,-100,-100,-100,-88,-63,-100
967,-100,-100,-100,-94,-88,-100,-86,-70,-85,-51,-100,-70,-72,-100,-85,-68,-69,-51,-85,-100,-100,-100,-92,-87,-72,-100
967,-100,-100,-100,-90,-90,-100,-88,-70,-85,-46,-100,-69,-64,-100,-89,-70,-69,-45,-90,-100,-100,-100,-90,-100,-64,-100
967,-100,-100,-100,-90,-90,-100,-88,-73,-86,-56,-100,-79,-66,-100,-89,-73,-80,-55,-86,-100,-100,-100,-90,-91,-65,-100
967,-100,-100,-100,-94,-92,-100,-88,-72,-88,-46,-100,-77,-71,-100,-89,-72,-77,-46,-88,-100,-100,-100,-92,-92,-68,-100
967,-100,-100,-100,-94,-91,-100,-100,-72,-90,-51,-100,-75,-64,-100,-100,-72,-72,-51,-89,-100,-100,-100,-92,-92,-66,-100
972,-100,-100,-100,-79,-67,-100,-84,-100,-84,-54,-100,-67,-56,-100,-84,-100,-67,-54,-84,-100,-100,-100,-79,-67,-56,-100
972,-100,-100,-100,-79,-72,-100,-71,-100,-84,-48,-100,-75,-56,-100,-71,-100,-75,-48,-84,-100,-100,-100,-79,-73,-56,-100
972,-100,-100,-100,-81,-67,-100,-71,-100,-84,-54,-100,-71,-55,-100,-71,-100,-72,-54,-84,-100,-100,-100,-79,-67,-55,-100
972,-100,-100,-100,-85,-75,-100,-77,-100,-84,-58,-100,-78,-56,-100,-77,-100,-79,-58,-84,-100,-100,-100,-78,-75,-56,-100
972,-100,-100,-100,-77,-71,-100,-80,-100,-84,-59,-100,-74,-48,-100,-80,-100,-75,-59,-84,-100,-100,-100,-78,-71,-48,-100
976,-100,-90,-100,-58,-64,-100,-88,-88,-87,-55,-100,-78,-60,-100,-88,-87,-78,-55,-87,-100,-87,-100,-58,-64,-60,-100
976,-100,-90,-100,-57,-70,-100,-88,-88,-89,-62,-100,-77,-59,-100,-88,-87,-75,-62,-89,-100,-87,-100,-58,-70,-59,-100
976,-100,-90,-100,-61,-54,-100,-88,-88,-86,-68,-100,-65,-61,-100,-88,-87,-62,-68,-86,-100,-87,-100,-64,-54,-61,-100
976,-100,-90,-100,-68,-69,-100,-88,-88,-86,-68,-100,-63,-61,-100,-88,-87,-62,-68,-86,-100,-87,-100,-68,-66,-61,-100
976,-100,-88,-100,-56,-58,-100,-86,-88,-85,-66,-100,-68,-58,-100,-85,-87,-69,-66,-84,-100,-87,-100,-56,-58,-58,-100
981,-100,-100,-100,-45,-38,-100,-100,-100,-100,-82,-100,-88,-76,-100,-94,-100,-90,-82,-100,-100,-100,-100,-45,-38,-76,-100
981,-100,-100,-100,-54,-45,-100,-91,-100,-100,-80,-100,-88,-77,-100,-96,-100,-90,-80,-100,-100,-100,-100,-54,-45,-78,-100
981,-100,-100,-100,-54,-49,-100,-91,-100,-100,-80,-100,-88,-77,-100,-94,-100,-90,-80,-100,-100,-100,-100,-54,-49,-77,-100
981,-100,-100,-100,-57,-44,-100,-100,-100,-100,-82,-100,-88,-76,-100,-94,-100,-90,-82,-100,-100,-100,-100,-57,-44,-76,-100
981,-100,-100,-100,-56,-38,-100,-100,-100,-100,-82,-100,-88,-69,-100,-94,-100,-93,-82,-100,-100,-100,-100,-56,-38,-69,-100
982,-100,-100,-100,-55,-39,-100,-100,-100,-100,-72,-100,-94,-77,-100,-100,-100,-100,-72,-100,-100,-100,-100,-55,-39,-77,-100
982,-100,-100,-100,-54,-36,-100,-100,-100,-100,-72,-100,-94,-72,-100,-100,-100,-100,-73,-100,-100,-100,-100,-53,-36,-73,-100
982,-100,-100,-100,-46,-34,-100,-100,-100,-100,-72,-100,-94,-70,-100,-100,-100,-100,-73,-100,-100,-100,-100,-45,-34,-69,-100
982,-100,-100,-100,-45,-43,-100,-91,-100,-100,-72,-100,-100,-77,-100,-100,-100,-100,-72,-100,-100,-100,-100,-45,-43,-76,-100
982,-100,-100,-100,-49,-40,-100,-91,-100,-100,-80,-100,-100,-77,-100,-96,-100,-100,-80,-100,-100,-100,-100,-49,-41,-76,-100
983,-100,-100,-100,-58,-43,-100,-100,-100,-100,-70,-100,-100,-77,-100,-100,-100,-92,-70,-100,-100,-100,-100,-59,-43,-77,-100
983,-100,-100,-100,-69,-38,-100,-100,-100,-100,-82,-100,-100,-73,-100,-100,-100,-100,-82,-100,-100,-100,-100,-69,-39,-73,-100
983,-100,-100,-100,-53,-46,-100,-100,-100,-100,-82,-100,-100,-69,-100,-100,-100,-100,-82,-100,-100,-100,-100,-53,-47,-69,-100
983,-100,-100,-100,-65,-47,-100,-100,-100,-100,-76,-100,-100,-69,-100,-100,-100,-100,-74,-100,-100,-100,-100,-64,-47,-69,-100
983,-100,-100,-100,-63,-43,-100,-100,-100,-100,-76,-100,-90,-77,-100,-100,-100,-90,-74,-100,-100,-100,-100,-64,-43,-75,-100
995,-100,-100,-100,-84,-81,-100,-78,-76,-91,-59,-100,-78,-60,-100,-78,-76,-79,-60,-91,-100,-100,-100,-83,-80,-59,-100
995,-100,-100,-100,-83,-78,-100,-80,-78,-90,-53,-100,-79,-63,-100,-81,-78,-79,-53,-90,-100,-100,-100,-85,-81,-63,-100
995,-100,-100,-100,-83,-78,-100,-80,-78,-90,-62,-100,-80,-64,-100,-80,-78,-79,-61,-90,-100,-100,-100,-85,-81,-64,-100
995,-100,-100,-100,-74,-77,-100,-80,-76,-90,-51,-100,-79,-68,-100,-80,-76,-75,-52,-90,-100,-100,-100,-81,-81,-68,-100
995,-100,-100,-100,-74,-78,-100,-80,-76,-90,-49,-100,-75,-59,-100,-80,-74,-75,-49,-90,-100,-100,-100,-81,-76,-59,-100
999,-100,-100,-100,-73,-74,-100,-77,-83,-87,-67,-100,-76,-51,-100,-78,-84,-80,-68,-87,-100,-100,-100,-75,-75,-51,-100
999,-100,-100,-100,-71,-80,-100,-69,-85,-87,-65,-100,-81,-55,-100,-70,-86,-83,-66,-87,-100,-100,-100,-71,-81,-55,-100
999,-100,-100,-100,-73,-73,-100,-68,-78,-87,-60,-100,-77,-55,-100,-68,-78,-83,-60,-87,-100,-100,-100,-75,-73,-55,-100
999,-100,-100,-100,-69,-77,-100,-80,-82,-87,-56,-100,-82,-57,-100,-79,-82,-83,-56,-87,-100,-100,-100,-71,-77,-57,-100
999,-100,-100,-100,-74,-76,-100,-72,-77,-87,-57,-100,-82,-56,-100,-71,-78,-83,-57,-87,-100,-100,-100,-75,-78,-55,-100
1000,-100,-100,-100,-71,-75,-100,-73,-85,-100,-67,-100,-74,-51,-100,-72,-86,-75,-68,-100,-100,-100,-100,-63,-76,-51,-100
1000,-100,-100,-100,-68,-75,-100,-74,-85,-100,-59,-100,-69,-50,-100,-76,-85,-69,-58,-87,-100,-100,-100,-67,-75,-49,-100
1000,-100,-100,-100,-63,-67,-100,-76,-85,-100,-59,-100,-74,-50,-100,-76,-85,-76,-58,-100,-100,-100,-100,-63,-67,-50,-100
1000,-100,-100,-100,-64,-69,-100,-76,-89,-100,-67,-100,-74,-51,-100,-76,-87,-75,-68,-100,-100,-100,-100,-63,-70,-51,-100
1000,-100,-100,-100,-63,-71,-100,-74,-83,-100,-61,-100,-74,-52,-100,-75,-83,-75,-61,-100,-100,-100,-100,-62,-71,-52,-100
1004,-100,-100,-100,-62,-55,-100,-77,-100,-83,-63,-100,-79,-64,-100,-77,-92,-81,-63,-83,-100,-100,-100,-63,-54,-64,-100
1004,-100,-100,-100,-62,-59,-100,-81,-100,-83,-69,-100,-75,-55,-100,-82,-92,-75,-69,-88,-100,-100,-100,-63,-59,-55,-100
1004,-100,-100,-100,-63,-60,-100,-81,-100,-83,-71,-100,-81,-59,-100,-82,-100,-81,-69,-88,-100,-100,-100,-63,-63,-59,-100
1004,-100,-100,-100,-68,-59,-100,-79,-91,-100,-67,-100,-82,-64,-100,-80,-92,-83,-67,-100,-100,-100,-100,-68,-59,-63,-100
1004,-100,-100,-100,-66,-66,-100,-79,-100,-86,-67,-100,-82,-63,-100,-80,-92,-81,-67,-86,-100,-100,-100,-67,-66,-63,-100
1005,-100,-89,-100,-63,-57,-100,-86,-100,-77,-73,-100,-73,-56,-100,-86,-100,-71,-72,-77,-100,-100,-100,-61,-57,-57,-100
1005,-100,-100,-100,-62,-63,-100,-85,-91,-86,-70,-100,-72,-67,-100,-85,-91,-72,-71,-86,-100,-100,-100,-62,-63,-67,-100
1005,-100,-100,-100,-65,-59,-100,-77,-91,-79,-65,-100,-72,-67,-100,-77,-91,-72,-65,-78,-100,-100,-100,-65,-59,-67,-100
1005,-100,-89,-100,-63,-55,-100,-77,-91,-79,-65,-100,-69,-71,-100,-77,-91,-69,-65,-78,-100,-100,-100,-63,-55,-71,-100
1005,-100,-89,-100,-63,-61,-100,-86,-100,-79,-69,-100,-69,-71,-100,-86,-100,-69,-68,-78,-100,-100,-100,-63,-61,-71,-100
1006,-100,-100,-100,-61,-62,-100,-85,-100,-100,-67,-100,-100,-66,-100,-85,-100,-100,-67,-100,-100,-100,-100,-60,-63,-66,-100
1006,-100,-100,-100,-63,-58,-100,-100,-100,-100,-67,-100,-100,-70,-100,-83,-100,-100,-67,-100,-100,-100,-100,-64,-59,-70,-100
1006,-100,-100,-100,-64,-53,-100,-100,-100,-100,-63,-100,-100,-70,-100,-83,-100,-100,-63,-100,-100,-100,-100,-64,-53,-70,-100
1006,-100,-100,-100,-60,-49,-100,-85,-100,-86,-67,-100,-72,-69,-100,-85,-100,-72,-67,-86,-100,-100,-100,-60,-49,-69,-100
1006,-100,-100,-100,-60,-54,-100,-85,-100,-86,-67,-100,-100,-69,-100,-85,-100,-100,-67,-86,-100,-100,-100,-60,-55,-69,-100
1007,-100,-100,-100,-61,-48,-100,-87,-89,-100,-69,-100,-86,-75,-100,-88,-92,-85,-68,-100,-100,-100,-100,-61,-48,-75,-100
1007,-100,-100,-100,-57,-53,-100,-87,-89,-100,-73,-100,-83,-67,-100,-88,-92,-84,-74,-100,-100,-100,-100,-57,-53,-67,-100
1007,-100,-100,-100,-60,-50,-100,-87,-89,-100,-75,-100,-88,-75,-100,-88,-92,-88,-74,-100,-100,-100,-100,-61,-50,-75,-100
1007,-100,-100,-100,-58,-46,-100,-87,-89,-100,-75,-100,-88,-68,-100,-88,-90,-88,-74,-100,-100,-100,-100,-61,-46,-69,-100
1007,-100,-100,-100,-61,-52,-100,-89,-100,-100,-75,-100,-88,-72,-100,-87,-100,-88,-74,-100,-100,-100,-100,-61,-52,-72,-100
1008,-100,-100,-100,-61,-42,-100,-100,-100,-100,-69,-100,-90,-72,-100,-100,-100,-90,-69,-100,-100,-100,-100,-60,-42,-72,-100
1008,-100,-100,-100,-60,-47,-100,-100,-100,-100,-69,-100,-85,-69,-100,-100,-92,-85,-68,-100,-100,-100,-100,-61,-47,-69,-100
1008,-100,-100,-100,-62,-50,-100,-100,-100,-100,-73,-100,-90,-72,-100,-100,-100,-89,-73,-100,-100,-100,-100,-62,-50,-72,-100
1008,-100,-100,-100,-64,-46,-100,-100,-100,-100,-69,-100,-86,-69,-100,-100,-100,-81,-68,-100,-100,-100,-100,-65,-46,-69,-100
1008,-100,-100,-100,-58,-42,-100,-100,-100,-100,-76,-100,-90,-72,-100,-100,-100,-90,-75,-100,-100,-100,-100,-58,-42,-72,-100
1009,-100,-100,-100,-58,-43,-100,-100,-100,-100,-71,-100,-100,-73,-100,-100,-100,-93,-71,-100,-100,-100,-100,-57,-43,-73,-100
1009,-100,-100,-100,-58,-43,-100,-100,-100,-100,-71,-100,-100,-66,-100,-100,-100,-93,-71,-100,-100,-100,-100,-58,-44,-66,-100
1009,-100,-100,-100,-60,-43,-100,-100,-100,-100,-71,-100,-100,-69,-100,-100,-100,-93,-71,-100,-100,-100,-100,-61,-43,-70,-100
1009,-100,-100,-100,-56,-39,-100,-100,-100,-100,-71,-100,-100,-71,-100,-100,-100,-100,-71,-100,-100,-100,-100,-57,-39,-71,-100
1009,-100,-100,-100,-52,-35,-100,-91,-100,-100,-63,-100,-100,-72,-100,-91,-100,-100,-63,-100,-100,-100,-100,-53,-35,-72,-100
1010,-100,-100,-100,-40,-43,-100,-100,-100,-100,-72,-100,-94,-66,-100,-100,-100,-100,-73,-100,-100,-100,-100,-40,-43,-66,-100
1010,-100,-100,-100,-48,-41,-100,-100,-100,-100,-63,-100,-100,-63,-100,-100,-100,-100,-63,-100,-100,-100,-100,-48,-41,-63,-100
1010,-100,-100,-100,-54,-38,-100,-100,-100,-100,-63,-100,-100,-66,-100,-100,-100,-100,-63,-100,-100,-100,-100,-54,-38,-66,-100
1010,-100,-100,-100,-47,-42,-100,-100,-100,-100,-63,-100,-100,-66,-100,-100,-100,-100,-63,-100,-100,-100,-100,-47,-43,-66,-100
1010,-100,-100,-100,-51,-35,-100,-100,-100,-100,-74,-100,-94,-62,-100,-100,-100,-100,-74,-100,-100,-100,-100,-51,-35,-62,-100
1011,-100,-100,-100,-52,-40,-100,-100,-100,-100,-65,-100,-100,-74,-100,-100,-100,-100,-65,-100,-100,-100,-100,-52,-40,-74,-100
1011,-100,-100,-100,-54,-46,-100,-100,-100,-100,-73,-100,-100,-74,-100,-100,-100,-92,-73,-100,-100,-100,-100,-54,-46,-75,-100
1011,-100,-100,-100,-47,-40,-100,-100,-100,-100,-73,-100,-100,-71,-100,-100,-100,-92,-73,-100,-100,-100,-100,-46,-40,-70,-100
1011,-100,-100,-100,-49,-36,-100,-100,-100,-100,-69,-100,-100,-72,-100,-100,-100,-100,-69,-100,-100,-100,-100,-49,-36,-72,-100
1011,-100,-100,-100,-54,-42,-100,-100,-100,-100,-65,-100,-100,-76,-100,-100,-100,-100,-65,-100,-100,-100,-100,-54,-42,-76,-100
1023,-100,-100,-100,-77,-76,-100,-83,-82,-100,-57,-100,-81,-56,-100,-78,-76,-81,-57,-100,-100,-100,-100,-75,-77,-55,-100
1023,-100,-100,-100,-79,-75,-100,-70,-80,-92,-51,-100,-78,-60,-100,-74,-79,-78,-51,-91,-100,-100,-100,-79,-76,-60,-100
1023,-100,-100,-100,-83,-83,-100,-71,-80,-100,-51,-100,-82,-60,-100,-73,-79,-82,-51,-100,-100,-100,-100,-83,-83,-60,-100
1023,-100,-100,-100,-83,-75,-100,-83,-82,-100,-51,-100,-82,-61,-100,-78,-82,-82,-51,-100,-100,-100,-100,-83,-77,-61,-100
1023,-100,-100,-100,-81,-80,-100,-83,-82,-100,-56,-100,-81,-62,-100,-78,-76,-81,-57,-100,-100,-100,-100,-75,-81,-62,-100
1024,-100,-100,-100,-81,-79,-100,-76,-82,-91,-44,-100,-81,-52,-100,-76,-83,-82,-44,-90,-100,-100,-100,-82,-80,-52,-100
1024,-100,-100,-100,-81,-79,-100,-76,-80,-100,-44,-100,-78,-55,-100,-76,-82,-80,-44,-100,-100,-100,-100,-82,-79,-55,-100
1024,-100,-100,-100,-81,-76,-100,-76,-82,-91,-47,-100,-81,-48,-100,-76,-83,-82,-46,-90,-100,-100,-100,-82,-76,-48,-100
1024,-100,-100,-100,-100,-74,-100,-70,-78,-100,-55,-100,-78,-54,-100,-71,-78,-80,-55,-100,-100,-100,-100,-100,-74,-55,-100
1024,-100,-100,-100,-82,-83,-100,-79,-78,-100,-48,-100,-73,-61,-100,-76,-79,-73,-48,-100,-100,-100,-100,-82,-84,-60,-100
1025,-100,-100,-100,-72,-78,-100,-76,-87,-100,-47,-100,-68,-59,-100,-76,-87,-70,-47,-100,-100,-100,-100,-78,-78,-59,-100
1025,-100,-100,-100,-80,-79,-100,-76,-87,-89,-47,-100,-77,-53,-100,-77,-87,-77,-47,-88,-100,-100,-100,-80,-79,-53,-100
1025,-100,-100,-100,-80,-80,-100,-76,-83,-89,-47,-100,-70,-60,-100,-77,-83,-70,-47,-88,-100,-100,-100,-80,-80,-60,-100
1025,-100,-100,-100,-76,-84,-100,-76,-80,-100,-56,-100,-75,-62,-100,-77,-79,-76,-56,-90,-100,-100,-100,-78,-85,-61,-100
1025,-100,-100,-100,-80,-80,-100,-76,-86,-100,-47,-100,-76,-63,-100,-76,-87,-76,-47,-100,-100,-100,-100,-78,-80,-63,-100
1026,-100,-100,-100,-72,-77,-100,-72,-83,-89,-49,-100,-78,-53,-100,-73,-83,-76,-49,-88,-100,-100,-100,-73,-77,-53,-100
1026,-100,-100,-100,-80,-68,-100,-78,-86,-100,-48,-100,-77,-62,-100,-76,-88,-75,-48,-100,-100,-100,-100,-81,-72,-61,-100
1026,-100,-100,-100,-80,-78,-100,-78,-87,-100,-56,-100,-77,-51,-100,-76,-88,-73,-56,-100,-100,-100,-100,-81,-78,-51,-100
1026,-100,-100,-100,-80,-78,-100,-78,-87,-100,-52,-100,-77,-58,-100,-78,-88,-76,-52,-100,-100,-100,-100,-81,-78,-58,-100
1026,-100,-100,-100,-80,-74,-100,-72,-86,-89,-56,-100,-81,-59,-100,-73,-87,-80,-56,-88,-100,-100,-100,-73,-74,-59,-100
1027,-100,-100,-100,-81,-83,-100,-73,-87,-89,-57,-100,-80,-47,-100,-73,-88,-84,-57,-89,-100,-100,-100,-81,-83,-47,-100
1027,-100,-100,-100,-80,-75,-100,-63,-84,-85,-59,-100,-77,-50,-100,-63,-84,-76,-59,-85,-100,-100,-100,-80,-77,-50,-100
1027,-100,-100,-100,-78,-75,-100,-63,-84,-88,-55,-100,-77,-44,-100,-63,-84,-77,-55,-87,-100,-100,-100,-78,-77,-44,-100
1027,-100,-100,-100,-76,-72,-100,-63,-85,-88,-57,-100,-76,-47,-100,-63,-85,-75,-57,-87,-100,-100,-100,-75,-72,-47,-100
1027,-100,-100,-100,-74,-79,-100,-75,-80,-89,-57,-100,-80,-47,-100,-74,-80,-80,-57,-89,-100,-100,-100,-74,-77,-46,-100
1028,-100,-100,-100,-78,-73,-100,-61,-87,-84,-54,-100,-81,-46,-100,-61,-87,-80,-54,-91,-100,-100,-100,-78,-75,-46,-100
1028,-100,-100,-100,-77,-78,-100,-68,-87,-100,-62,-100,-83,-46,-100,-69,-89,-83,-62,-87,-100,-100,-100,-77,-78,-46,-100
1028,-100,-100,-100,-73,-76,-100,-64,-87,-84,-62,-100,-83,-49,-100,-65,-86,-83,-62,-87,-100,-100,-100,-73,-76,-49,-100
1028,-100,-100,-100,-73,-79,-100,-64,-87,-84,-54,-100,-83,-49,-100,-65,-87,-83,-54,-87,-100,-100,-100,-74,-79,-49,-100
1028,-100,-100,-100,-75,-77,-100,-69,-84,-84,-59,-100,-78,-44,-100,-69,-84,-72,-55,-84,-100,-100,-100,-75,-76,-44,-100
1029,-100,-88,-100,-82,-78,-100,-77,-88,-100,-68,-100,-75,-42,-100,-76,-88,-76,-69,-100,-100,-100,-100,-82,-78,-42,-100
1029,-100,-88,-100,-77,-77,-100,-64,-86,-100,-66,-100,-79,-41,-100,-64,-85,-76,-66,-90,-100,-100,-100,-75,-77,-41,-100
1029,-100,-88,-100,-80,-78,-100,-66,-86,-100,-62,-100,-79,-42,-100,-66,-85,-76,-62,-90,-100,-100,-100,-79,-77,-42,-100
1029,-100,-88,-100,-76,-70,-100,-74,-92,-100,-62,-100,-74,-46,-100,-74,-91,-76,-62,-100,-100,-100,-100,-74,-69,-46,-100
1029,-100,-100,-100,-74,-75,-100,-64,-86,-100,-61,-100,-79,-43,-100,-64,-85,-80,-61,-90,-100,-100,-100,-74,-75,-42,-100
1030,-100,-100,-100,-75,-63,-100,-70,-100,-100,-63,-100,-84,-55,-100,-69,-100,-84,-63,-100,-100,-84,-100,-74,-63,-56,-100
1030,-100,-100,-100,-74,-68,-100,-69,-100,-100,-63,-100,-76,-60,-100,-69,-100,-80,-63,-100,-100,-84,-100,-74,-68,-61,-100
1030,-100,-100,-100,-71,-64,-100,-69,-100,-100,-67,-100,-84,-60,-100,-68,-89,-77,-68,-100,-100,-84,-100,-70,-65,-60,-100
1030,-100,-100,-100,-66,-65,-100,-74,-100,-100,-66,-100,-75,-52,-100,-75,-89,-76,-68,-100,-100,-100,-100,-66,-65,-52,-100
1030,-100,-100,-100,-66,-71,-100,-76,-91,-100,-66,-100,-75,-61,-100,-76,-89,-76,-68,-100,-100,-100,-100,-66,-71,-60,-100
1031,-100,-100,-100,-74,-67,-100,-82,-89,-100,-64,-100,-80,-47,-100,-82,-89,-79,-64,-100,-100,-100,-100,-73,-67,-47,-100
1031,-100,-100,-100,-74,-71,-100,-74,-89,-100,-64,-100,-81,-51,-100,-74,-89,-81,-64,-100,-100,-100,-100,-73,-71,-51,-100
1031,-100,-100,-100,-75,-72,-100,-67,-90,-100,-100,-100,-77,-46,-100,-67,-90,-79,-100,-100,-100,-100,-100,-74,-72,-45,-100
1031,-100,-100,-100,-68,-62,-100,-66,-90,-100,-68,-100,-81,-54,-100,-66,-90,-79,-68,-100,-100,-100,-100,-68,-62,-53,-100
1031,-100,-100,-100,-71,-65,-100,-74,-100,-100,-64,-100,-81,-62,-100,-74,-100,-80,-64,-100,-100,-100,-100,-70,-65,-61,-100
1032,-100,-100,-100,-66,-70,-100,-83,-100,-89,-66,-100,-82,-55,-100,-82,-100,-81,-66,-89,-100,-100,-100,-66,-69,-54,-100
1032,-100,-100,-100,-66,-66,-100,-80,-100,-89,-74,-100,-79,-52,-100,-80,-100,-79,-74,-89,-100,-100,-100,-65,-66,-51,-100
1032,-100,-100,-100,-66,-70,-100,-80,-100,-89,-71,-100,-79,-64,-100,-80,-100,-79,-72,-89,-100,-100,-100,-65,-67,-64,-100
1032,-100,-100,-100,-65,-66,-100,-80,-89,-89,-69,-100,-81,-57,-100,-80,-89,-81,-71,-89,-100,-100,-100,-65,-66,-57,-100
1032,-100,-100,-100,-66,-62,-100,-87,-100,-89,-78,-100,-79,-54,-100,-86,-100,-79,-78,-89,-100,-100,-100,-68,-62,-54,-100
1037,-100,-100,-100,-60,-31,-100,-91,-100,-100,-70,-100,-91,-66,-100,-93,-100,-92,-67,-100,-100,-100,-100,-61,-31,-66,-100
1037,-100,-100,-100,-57,-33,-100,-91,-100,-100,-72,-100,-91,-76,-100,-93,-100,-92,-71,-100,-100,-100,-100,-57,-33,-76,-100
1037,-100,-100,-100,-59,-32,-100,-91,-100,-100,-73,-100,-91,-69,-100,-93,-100,-92,-67,-100,-100,-100,-100,-59,-32,-69,-100
1037,-100,-100,-100,-55,-31,-100,-100,-100,-100,-66,-100,-91,-66,-100,-100,-100,-92,-66,-100,-100,-100,-100,-55,-31,-66,-100
1037,-100,-100,-100,-53,-27,-100,-100,-100,-100,-74,-100,-100,-67,-100,-100,-100,-100,-74,-100,-100,-100,-100,-53,-27,-67,-100
1038,-100,-100,-100,-55,-40,-100,-100,-100,-100,-81,-100,-100,-73,-100,-100,-100,-100,-82,-100,-100,-100,-100,-55,-40,-72,-100
1038,-100,-100,-100,-56,-38,-100,-91,-100,-100,-81,-100,-100,-73,-100,-100,-100,-100,-82,-100,-100,-100,-100,-57,-38,-72,-100
1038,-100,-100,-100,-51,-37,-100,-91,-100,-100,-81,-100,-100,-72,-100,-100,-100,-100,-80,-100,-100,-100,-100,-51,-37,-72,-100
1038,-100,-100,-100,-51,-38,-100,-87,-100,-100,-73,-100,-100,-77,-100,-87,-100,-100,-72,-100,-100,-100,-100,-51,-38,-76,-100
1038,-100,-100,-100,-56,-46,-100,-87,-100,-100,-73,-100,-100,-69,-100,-87,-100,-100,-72,-100,-100,-100,-100,-55,-46,-69,-100
1039,-100,-100,-100,-59,-41,-100,-94,-100,-100,-72,-100,-100,-65,-100,-93,-100,-100,-72,-100,-100,-100,-100,-59,-41,-65,-100
1039,-100,-100,-100,-58,-43,-100,-94,-100,-100,-78,-100,-100,-65,-100,-93,-100,-100,-78,-100,-100,-100,-100,-59,-43,-65,-100
1039,-100,-100,-100,-57,-43,-100,-94,-100,-100,-72,-100,-100,-73,-100,-93,-100,-100,-72,-100,-100,-100,-100,-57,-43,-73,-100
1039,-100,-100,-100,-53,-46,-100,-94,-100,-100,-68,-100,-100,-73,-100,-93,-100,-100,-69,-100,-100,-100,-100,-54,-46,-72,-100
1039,-100,-100,-100,-57,-53,-100,-94,-100,-100,-68,-100,-100,-66,-100,-93,-100,-100,-69,-100,-100,-100,-100,-58,-53,-66,-100
1051,-100,-100,-100,-81,-81,-100,-74,-82,-100,-47,-100,-82,-64,-100,-82,-81,-80,-47,-100,-100,-100,-100,-78,-80,-61,-100
1051,-100,-100,-100,-82,-87,-100,-70,-78,-100,-47,-100,-84,-52,-100,-69,-78,-84,-47,-100,-100,-100,-100,-83,-86,-51,-100
1051,-100,-100,-100,-79,-87,-100,-74,-82,-100,-46,-100,-74,-59,-100,-73,-83,-74,-46,-100,-100,-100,-100,-79,-87,-59,-100
1051,-100,-100,-100,-78,-79,-100,-74,-82,-100,-46,-100,-75,-58,-100,-73,-82,-74,-58,-100,-100,-100,-100,-78,-79,-58,-100
1051,-100,-100,-100,-78,-79,-100,-67,-83,-100,-50,-100,-73,-61,-100,-67,-83,-73,-52,-100,-100,-100,-100,-78,-79,-62,-100
1055,-100,-100,-100,-80,-84,-100,-68,-87,-100,-65,-100,-79,-53,-100,-68,-88,-79,-65,-100,-100,-100,-100,-81,-84,-53,-100
1055,-100,-100,-100,-68,-81,-100,-76,-89,-93,-64,-100,-82,-49,-100,-76,-90,-81,-64,-100,-100,-100,-100,-69,-82,-49,-100
1055,-100,-100,-100,-75,-80,-100,-79,-85,-93,-65,-100,-81,-55,-100,-78,-86,-81,-64,-100,-100,-100,-100,-75,-81,-56,-100
1055,-100,-100,-100,-75,-85,-100,-78,-90,-93,-60,-100,-81,-54,-100,-78,-90,-81,-60,-100,-100,-100,-100,-75,-84,-54,-100
1055,-100,-100,-100,-64,-86,-100,-77,-90,-93,-64,-100,-78,-55,-100,-77,-90,-77,-64,-100,-100,-100,-100,-64,-87,-55,-100
1056,-100,-92,-100,-67,-82,-100,-68,-89,-100,-68,-100,-79,-56,-100,-68,-100,-79,-68,-100,-100,-100,-100,-66,-82,-58,-100
1056,-100,-92,-100,-66,-78,-100,-72,-100,-100,-59,-100,-86,-48,-100,-73,-100,-85,-59,-100,-100,-100,-100,-66,-78,-49,-100
1056,-100,-92,-100,-71,-86,-100,-66,-89,-100,-68,-100,-79,-50,-100,-67,-100,-80,-68,-100,-100,-100,-100,-70,-86,-50,-100
1056,-100,-92,-100,-68,-81,-100,-75,-89,-100,-68,-100,-78,-47,-100,-76,-100,-79,-68,-100,-100,-100,-100,-69,-80,-47,-100
1056,-100,-100,-100,-76,-82,-100,-75,-89,-100,-57,-100,-80,-43,-100,-75,-90,-79,-57,-100,-100,-100,-100,-77,-82,-43,-100
1060,-100,-100,-100,-79,-68,-100,-73,-100,-91,-67,-84,-87,-54,-100,-73,-100,-86,-68,-91,-100,-100,-84,-79,-68,-54,-100
1060,-100,-100,-100,-75,-78,-100,-73,-100,-91,-67,-84,-87,-56,-100,-73,-100,-86,-72,-91,-100,-100,-84,-75,-78,-56,-100
1060,-100,-100,-100,-73,-78,-100,-80,-100,-91,-72,-83,-83,-54,-100,-80,-100,-82,-72,-91,-100,-100,-82,-73,-77,-54,-100
1060,-100,-100,-100,-75,-78,-100,-77,-100,-91,-68,-84,-83,-54,-100,-76,-100,-82,-68,-91,-100,-100,-81,-77,-77,-54,-100
1060,-100,-100,-100,-74,-67,-100,-70,-100,-85,-77,-85,-83,-55,-100,-71,-100,-82,-76,-85,-100,-100,-84,-74,-68,-56,-100
1065,-100,-100,-100,-58,-40,-100,-92,-100,-100,-78,-100,-100,-64,-100,-91,-100,-100,-77,-100,-100,-100,-100,-58,-39,-64,-100
1065,-100,-100,-100,-61,-32,-100,-93,-100,-100,-78,-100,-100,-69,-100,-94,-100,-100,-77,-100,-100,-100,-100,-61,-32,-70,-100
1065,-100,-100,-100,-57,-30,-100,-93,-100,-100,-78,-100,-100,-71,-100,-94,-100,-100,-77,-100,-100,-100,-100,-57,-30,-70,-100
1065,-100,-100,-100,-60,-33,-100,-92,-100,-100,-78,-100,-100,-64,-100,-91,-100,-100,-77,-100,-100,-100,-100,-60,-33,-65,-100
1065,-100,-100,-100,-65,-32,-100,-93,-100,-100,-84,-100,-100,-68,-100,-94,-100,-100,-100,-100,-100,-100,-100,-65,-31,-68,-100
1066,-100,-100,-100,-63,-37,-100,-100,-100,-100,-88,-100,-100,-68,-100,-94,-100,-100,-90,-100,-100,-100,-100,-63,-37,-69,-100
1066,-100,-100,-100,-50,-45,-100,-100,-100,-100,-80,-100,-100,-73,-100,-94,-100,-100,-79,-100,-100,-100,-100,-50,-45,-73,-100
1066,-100,-100,-100,-59,-47,-100,-100,-100,-100,-80,-100,-100,-72,-100,-100,-100,-100,-79,-100,-100,-100,-100,-59,-47,-72,-100
1066,-100,-100,-100,-51,-43,-100,-100,-100,-100,-80,-100,-100,-69,-100,-100,-100,-100,-79,-100,-100,-100,-100,-51,-43,-69,-100
1066,-100,-100,-100,-52,-41,-100,-100,-100,-100,-88,-100,-100,-73,-100,-94,-100,-100,-90,-100,-100,-100,-100,-51,-41,-73,-100
1067,-100,-100,-100,-59,-42,-100,-100,-100,-100,-86,-100,-100,-65,-100,-100,-100,-100,-80,-100,-100,-100,-100,-60,-42,-64,-100
1067,-100,-100,-100,-60,-44,-100,-100,-100,-100,-86,-100,-100,-64,-100,-100,-100,-100,-100,-100,-100,-100,-100,-60,-43,-63,-100
1067,-100,-100,-100,-67,-49,-100,-100,-100,-100,-86,-100,-100,-65,-100,-100,-100,-100,-80,-100,-100,-100,-100,-68,-49,-64,-100
1067,-100,-100,-100,-59,-49,-100,-100,-100,-100,-81,-100,-100,-65,-100,-100,-100,-100,-80,-100,-100,-100,-100,-58,-49,-66,-100
1067,-100,-100,-100,-59,-43,-100,-100,-100,-100,-81,-100,-100,-68,-100,-100,-100,-100,-80,-100,-100,-100,-100,-58,-43,-68,-100
1079,-100,-100,-100,-79,-85,-100,-75,-87,-100,-58,-100,-76,-63,-100,-75,-88,-75,-58,-100,-100,-100,-100,-80,-85,-62,-100
1079,-100,-100,-100,-78,-82,-100,-77,-87,-100,-65,-100,-80,-59,-100,-77,-88,-80,-65,-100,-100,-100,-100,-78,-80,-59,-100
1079,-100,-100,-100,-82,-85,-100,-75,-87,-100,-58,-100,-85,-64,-100,-75,-86,-85,-58,-100,-100,-100,-100,-81,-85,-64,-100
1079,-100,-100,-100,-78,-89,-100,-76,-87,-100,-58,-100,-85,-62,-100,-75,-86,-85,-58,-100,-100,-100,-100,-77,-89,-62,-100
1079,-100,-100,-100,-79,-85,-100,-73,-87,-100,-56,-100,-76,-71,-100,-71,-86,-75,-56,-100,-100,-100,-100,-79,-85,-70,-100
1083,-100,-100,-100,-76,-81,-100,-76,-85,-100,-65,-100,-78,-47,-100,-77,-85,-79,-65,-100,-100,-100,-100,-75,-81,-47,-100
1083,-100,-100,-100,-67,-86,-100,-69,-85,-100,-63,-100,-78,-46,-100,-70,-88,-77,-63,-100,-100,-100,-100,-66,-85,-46,-100
1083,-100,-100,-100,-67,-82,-100,-72,-86,-100,-62,-100,-86,-52,-100,-71,-88,-85,-63,-100,-100,-100,-100,-66,-81,-52,-100
1083,-100,-100,-100,-65,-87,-100,-74,-86,-100,-62,-100,-80,-55,-100,-73,-88,-81,-63,-100,-100,-100,-100,-65,-87,-55,-100
1083,-100,-92,-100,-76,-79,-100,-72,-85,-100,-63,-100,-78,-41,-100,-72,-85,-79,-63,-100,-100,-100,-100,-75,-80,-41,-100
1084,-100,-92,-100,-72,-85,-100,-63,-91,-100,-63,-100,-81,-44,-100,-63,-91,-82,-63,-100,-100,-100,-100,-72,-86,-44,-100
1084,-100,-92,-100,-69,-81,-100,-69,-90,-100,-71,-100,-81,-47,-100,-69,-83,-85,-71,-100,-100,-100,-100,-69,-82,-47,-100
1084,-100,-100,-100,-69,-81,-100,-66,-90,-100,-64,-100,-81,-51,-100,-66,-87,-82,-64,-100,-100,-100,-100,-69,-82,-51,-100
1084,-100,-100,-100,-74,-81,-100,-58,-90,-100,-68,-100,-80,-49,-100,-57,-87,-79,-67,-100,-100,-100,-100,-75,-82,-49,-100
1084,-100,-92,-100,-72,-81,-100,-66,-92,-100,-63,-100,-81,-53,-100,-66,-90,-85,-63,-100,-100,-100,-100,-72,-82,-55,-100
1088,-100,-100,-100,-76,-80,-100,-77,-92,-100,-68,-84,-85,-54,-100,-77,-100,-76,-69,-100,-100,-100,-84,-77,-79,-54,-100
1088,-100,-100,-100,-72,-82,-100,-81,-92,-100,-78,-100,-85,-60,-100,-82,-100,-76,-77,-100,-100,-100,-87,-72,-82,-59,-100
1088,-100,-100,-100,-72,-82,-100,-81,-92,-100,-77,-84,-85,-55,-100,-82,-100,-76,-76,-100,-100,-100,-84,-72,-82,-54,-100
1088,-100,-100,-100,-75,-79,-100,-80,-100,-100,-64,-84,-89,-53,-100,-80,-100,-88,-64,-100,-100,-100,-84,-75,-79,-53,-100
1088,-100,-100,-100,-76,-76,-100,-81,-92,-100,-71,-84,-85,-57,-100,-82,-100,-76,-69,-100,-100,-100,-87,-77,-76,-57,-100
1107,-100,-100,-100,-74,-83,-100,-76,-84,-91,-65,-100,-87,-70,-100,-76,-85,-87,-65,-92,-100,-100,-100,-74,-83,-70,-100
1107,-100,-100,-100,-74,-87,-100,-76,-84,-91,-65,-100,-82,-67,-100,-76,-85,-79,-65,-92,-100,-100,-100,-74,-88,-67,-100
1107,-100,-100,-100,-74,-86,-100,-78,-86,-91,-63,-100,-82,-62,-100,-77,-85,-79,-62,-92,-100,-100,-100,-74,-84,-70,-100
1107,-100,-100,-100,-73,-85,-100,-81,-86,-91,-62,-100,-84,-62,-100,-81,-85,-84,-61,-92,-100,-100,-100,-73,-83,-70,-100
1107,-100,-100,-100,-65,-89,-100,-81,-82,-100,-62,-100,-80,-62,-100,-81,-82,-80,-62,-100,-100,-100,-100,-65,-88,-70,-100
1111,-100,-100,-100,-78,-91,-100,-77,-90,-100,-71,-100,-84,-46,-100,-77,-91,-84,-71,-100,-100,-100,-100,-79,-86,-46,-100
1111,-100,-100,-100,-76,-85,-100,-77,-91,-100,-67,-100,-81,-50,-100,-77,-90,-84,-67,-100,-100,-100,-100,-75,-86,-50,-100
1111,-100,-100,-100,-84,-85,-100,-70,-100,-94,-72,-100,-84,-45,-100,-71,-88,-82,-71,-100,-100,-100,-100,-82,-85,-45,-100
1111,-100,-100,-100,-81,-86,-100,-75,-86,-94,-72,-100,-83,-51,-100,-75,-88,-83,-71,-100,-100,-100,-100,-81,-86,-51,-100
1111,-100,-100,-100,-77,-81,-100,-75,-86,-94,-68,-100,-83,-52,-100,-74,-88,-83,-68,-100,-100,-100,-100,-77,-82,-52,-100
1112,-100,-100,-100,-82,-85,-100,-71,-100,-100,-65,-100,-80,-56,-100,-71,-100,-80,-65,-100,-100,-100,-100,-81,-84,-56,-100
1112,-100,-100,-100,-78,-84,-100,-74,-90,-100,-67,-100,-88,-56,-100,-74,-90,-87,-67,-92,-100,-100,-100,-76,-84,-55,-100
1112,-100,-100,-100,-74,-81,-100,-82,-90,-100,-78,-100,-88,-48,-100,-82,-90,-87,-78,-92,-100,-100,-100,-74,-81,-48,-100
1112,-100,-100,-100,-79,-85,-100,-80,-100,-100,-63,-100,-80,-52,-100,-80,-100,-80,-63,-100,-100,-100,-100,-81,-85,-52,-100
1112,-100,-100,-100,-82,-87,-100,-73,-91,-100,-66,-100,-79,-51,-100,-74,-90,-79,-66,-100,-100,-100,-100,-84,-86,-51,-100
1116,-100,-100,-100,-72,-79,-100,-81,-84,-100,-63,-85,-84,-54,-100,-80,-100,-84,-63,-100,-100,-100,-86,-72,-80,-54,-100
1116,-100,-100,-100,-67,-79,-100,-75,-84,-100,-67,-85,-85,-46,-100,-73,-100,-84,-67,-100,-100,-100,-83,-67,-80,-46,-100
1116,-100,-100,-100,-79,-81,-100,-74,-100,-100,-67,-86,-85,-47,-100,-74,-100,-84,-65,-100,-100,-100,-86,-79,-82,-47,-100
1116,-100,-100,-100,-74,-83,-100,-75,-100,-100,-67,-87,-85,-42,-100,-75,-100,-84,-65,-100,-100,-100,-87,-74,-84,-42,-100
1116,-100,-100,-100,-81,-87,-100,-74,-100,-100,-67,-86,-85,-46,-100,-72,-100,-84,-65,-100,-100,-100,-85,-81,-87,-46,-100
1135,-100,-100,-100,-79,-91,-100,-80,-87,-100,-61,-100,-82,-61,-100,-81,-85,-85,-61,-100,-100,-100,-100,-78,-90,-60,-100
1135,-100,-100,-100,-75,-91,-100,-81,-86,-92,-60,-100,-82,-73,-100,-85,-85,-82,-60,-92,-100,-100,-100,-74,-90,-73,-100
1135,-100,-100,-100,-80,-91,-100,-81,-86,-92,-60,-100,-90,-69,-100,-85,-85,-87,-60,-92,-100,-100,-100,-81,-90,-69,-100
1135,-100,-100,-100,-78,-87,-100,-81,-86,-92,-60,-100,-90,-69,-100,-83,-85,-87,-59,-92,-100,-100,-100,-78,-86,-69,-100
1135,-100,-100,-100,-76,-85,-100,-84,-89,-92,-65,-100,-90,-62,-100,-84,-89,-87,-64,-92,-100,-100,-100,-75,-85,-62,-100
1136,-100,-100,-100,-73,-87,-100,-80,-90,-100,-58,-100,-81,-58,-100,-80,-100,-77,-58,-100,-100,-100,-100,-73,-87,-58,-100
1136,-100,-100,-100,-73,-87,-100,-86,-90,-100,-58,-100,-81,-62,-100,-85,-100,-81,-58,-100,-100,-100,-100,-73,-87,-63,-100
1136,-100,-100,-100,-73,-88,-100,-86,-90,-100,-52,-100,-84,-59,-100,-85,-100,-83,-51,-100,-100,-100,-100,-73,-87,-59,-100
1136,-100,-100,-100,-77,-88,-100,-86,-90,-100,-56,-100,-79,-64,-100,-85,-100,-79,-55,-100,-100,-100,-100,-77,-87,-64,-100
1136,-100,-100,-100,-78,-89,-100,-86,-100,-100,-57,-100,-82,-66,-100,-85,-92,-89,-58,-100,-100,-100,-100,-79,-89,-66,-100
1137,-100,-100,-100,-79,-79,-100,-79,-100,-100,-57,-100,-85,-59,-100,-79,-100,-85,-57,-100,-100,-100,-100,-79,-81,-60,-100
1137,-100,-100,-100,-76,-84,-100,-80,-88,-100,-100,-100,-100,-62,-100,-82,-88,-100,-100,-100,-100,-100,-100,-82,-84,-62,-100
1137,-100,-100,-100,-76,-87,-100,-79,-88,-100,-57,-100,-85,-62,-100,-83,-88,-85,-57,-100,-100,-100,-100,-76,-87,-62,-100
1137,-100,-100,-100,-76,-87,-100,-79,-100,-100,-57,-100,-85,-56,-100,-79,-100,-85,-57,-100,-100,-100,-100,-76,-88,-55,-100
1137,-100,-100,-100,-79,-79,-100,-79,-100,-100,-57,-100,-85,-62,-100,-79,-100,-85,-57,-100,-100,-100,-100,-79,-81,-62,-100
1138,-100,-100,-100,-83,-89,-100,-83,-84,-100,-69,-100,-81,-63,-100,-83,-84,-80,-67,-92,-100,-100,-100,-80,-90,-68,-100
1138,-100,-100,-100,-79,-87,-100,-81,-90,-92,-61,-100,-77,-64,-100,-81,-91,-81,-61,-92,-100,-100,-100,-75,-87,-64,-100
1138,-100,-100,-100,-77,-83,-100,-76,-86,-92,-61,-100,-82,-51,-100,-78,-88,-83,-63,-92,-100,-100,-100,-77,-83,-51,-100
1138,-100,-100,-100,-78,-79,-100,-80,-86,-92,-64,-100,-72,-55,-100,-82,-88,-73,-64,-92,-100,-100,-100,-78,-79,-55,-100
1138,-100,-100,-100,-79,-88,-100,-81,-86,-92,-60,-100,-72,-56,-100,-82,-88,-73,-60,-92,-100,-100,-100,-80,-87,-56,-100
1139,-100,-100,-100,-74,-87,-100,-80,-91,-100,-65,-100,-82,-50,-100,-78,-91,-82,-64,-100,-100,-100,-100,-74,-86,-50,-100
1139,-100,-100,-100,-75,-81,-100,-77,-80,-100,-70,-100,-83,-58,-100,-77,-80,-83,-70,-100,-100,-92,-100,-73,-81,-58,-100
1139,-100,-100,-100,-73,-80,-100,-77,-81,-100,-69,-100,-83,-58,-100,-76,-83,-83,-68,-100,-100,-92,-100,-73,-82,-58,-100
1139,-100,-100,-100,-79,-83,-100,-80,-82,-100,-67,-100,-85,-63,-100,-80,-82,-85,-68,-100,-100,-100,-100,-79,-83,-63,-100
1139,-100,-100,-100,-79,-82,-100,-76,-88,-100,-62,-100,-86,-61,-100,-75,-88,-86,-62,-100,-100,-100,-100,-78,-82,-62,-100
1140,-100,-100,-100,-77,-83,-100,-78,-88,-100,-60,-100,-79,-54,-100,-78,-87,-80,-60,-100,-100,-100,-100,-76,-83,-54,-100
1140,-100,-100,-100,-78,-82,-100,-79,-85,-100,-65,-100,-77,-54,-100,-80,-87,-76,-66,-100,-100,-100,-100,-78,-82,-54,-100
1140,-100,-100,-100,-81,-76,-100,-69,-88,-100,-65,-100,-75,-55,-100,-71,-88,-77,-64,-100,-100,-100,-100,-80,-76,-54,-100
1140,-100,-100,-100,-81,-85,-100,-80,-89,-100,-66,-100,-77,-54,-100,-80,-86,-80,-66,-100,-100,-100,-100,-80,-85,-54,-100
1140,-100,-100,-100,-77,-85,-100,-82,-83,-100,-72,-100,-82,-55,-100,-82,-85,-82,-72,-100,-100,-100,-100,-76,-86,-55,-100
1141,-100,-100,-100,-79,-83,-100,-73,-100,-100,-71,-81,-100,-53,-100,-74,-100,-100,-71,-91,-100,-100,-80,-79,-83,-53,-100
1141,-100,-100,-100,-68,-75,-100,-76,-100,-100,-74,-88,-100,-49,-100,-75,-100,-100,-73,-91,-100,-100,-89,-68,-75,-48,-100
1141,-100,-100,-100,-80,-83,-100,-76,-100,-100,-76,-76,-100,-41,-100,-77,-100,-100,-77,-91,-100,-100,-76,-79,-82,-41,-100
1141,-100,-100,-100,-80,-81,-100,-76,-100,-100,-77,-77,-100,-42,-100,-77,-100,-100,-78,-100,-100,-100,-80,-79,-82,-42,-100
1141,-100,-100,-100,-80,-77,-100,-78,-100,-100,-73,-77,-100,-47,-100,-78,-86,-100,-74,-100,-100,-100,-84,-79,-78,-47,-100
1142,-100,-100,-100,-80,-79,-100,-80,-100,-100,-73,-84,-83,-47,-100,-79,-100,-83,-73,-100,-100,-100,-84,-78,-80,-47,-100
1142,-100,-100,-100,-81,-82,-100,-75,-100,-100,-76,-80,-91,-40,-100,-74,-100,-90,-76,-94,-100,-100,-80,-81,-88,-40,-100
1142,-100,-100,-100,-79,-89,-100,-76,-100,-100,-76,-88,-91,-40,-100,-76,-100,-90,-76,-94,-100,-100,-88,-79,-88,-40,-100
1142,-100,-100,-100,-75,-86,-100,-76,-100,-100,-75,-88,-85,-44,-100,-76,-100,-85,-75,-94,-100,-100,-88,-75,-84,-44,-100
1142,-100,-100,-100,-77,-79,-100,-72,-100,-100,-73,-84,-83,-47,-100,-71,-100,-83,-73,-100,-100,-100,-84,-77,-80,-47,-100
1143,-100,-87,-100,-83,-81,-100,-63,-100,-87,-82,-84,-84,-36,-100,-63,-100,-91,-82,-87,-100,-86,-84,-81,-81,-36,-100
1143,-100,-87,-100,-76,-79,-100,-70,-100,-87,-76,-84,-84,-48,-100,-70,-100,-83,-76,-87,-100,-86,-84,-75,-78,-55,-100
1143,-100,-100,-100,-75,-86,-100,-73,-100,-91,-69,-80,-91,-34,-100,-72,-100,-90,-69,-91,-100,-100,-80,-75,-86,-34,-100
1143,-100,-87,-100,-80,-85,-100,-74,-100,-87,-80,-87,-86,-40,-100,-76,-100,-86,-81,-87,-100,-86,-86,-79,-84,-40,-100
1143,-100,-89,-100,-80,-77,-100,-67,-100,-91,-75,-91,-83,-41,-100,-65,-100,-82,-75,-91,-100,-100,-93,-80,-78,-41,-100
1144,-100,-100,-100,-81,-81,-100,-70,-100,-100,-74,-80,-100,-44,-100,-71,-100,-86,-73,-100,-100,-100,-81,-80,-84,-44,-100
1144,-100,-100,-100,-81,-81,-100,-70,-100,-100,-82,-100,-80,-41,-100,-71,-100,-86,-81,-100,-100,-100,-88,-80,-81,-41,-100
1144,-100,-100,-100,-81,-81,-100,-66,-100,-100,-82,-100,-100,-43,-100,-67,-100,-86,-81,-100,-100,-100,-88,-80,-81,-43,-100
1144,-100,-100,-100,-79,-77,-100,-70,-100,-100,-74,-80,-100,-47,-100,-74,-100,-100,-74,-100,-100,-100,-81,-78,-77,-47,-100
1144,-100,-100,-100,-80,-74,-100,-74,-100,-100,-74,-80,-100,-40,-100,-74,-100,-100,-75,-100,-100,-100,-89,-81,-77,-40,-100
1167,-100,-100,-100,-76,-82,-100,-81,-92,-100,-74,-100,-77,-63,-100,-80,-90,-78,-74,-100,-100,-100,-100,-77,-82,-63,-100
1167,-100,-100,-100,-76,-84,-100,-80,-92,-100,-74,-100,-77,-51,-100,-80,-100,-83,-74,-100,-100,-100,-100,-77,-84,-51,-100
1167,-100,-100,-100,-85,-84,-100,-82,-92,-100,-69,-100,-81,-48,-100,-81,-94,-81,-71,-100,-100,-100,-100,-77,-84,-48,-100
1167,-100,-100,-100,-78,-79,-100,-82,-90,-100,-75,-100,-80,-50,-100,-82,-91,-81,-75,-100,-100,-100,-100,-75,-79,-50,-100
1167,-100,-100,-100,-79,-75,-100,-78,-90,-100,-71,-100,-80,-54,-100,-78,-91,-81,-72,-100,-100,-100,-100,-79,-75,-54,-100
1168,-100,-100,-100,-75,-74,-100,-74,-90,-94,-71,-100,-84,-54,-100,-75,-91,-86,-72,-93,-100,-100,-100,-77,-74,-54,-100
1168,-100,-100,-100,-83,-73,-100,-77,-87,-100,-79,-100,-79,-49,-100,-76,-86,-83,-79,-100,-100,-100,-100,-83,-73,-49,-100
1168,-100,-100,-100,-79,-81,-100,-75,-87,-94,-73,-100,-82,-47,-100,-75,-86,-82,-72,-93,-100,-100,-100,-80,-80,-47,-100
1168,-100,-100,-100,-79,-75,-100,-75,-100,-94,-71,-100,-82,-49,-100,-75,-100,-82,-72,-93,-100,-100,-100,-80,-75,-49,-100
1168,-100,-100,-100,-83,-78,-100,-75,-100,-94,-71,-100,-84,-47,-100,-75,-100,-85,-72,-93,-100,-100,-100,-82,-78,-47,-100
1169,-100,-87,-100,-85,-87,-100,-78,-93,-100,-74,-83,-90,-52,-100,-77,-92,-89,-74,-100,-100,-87,-83,-84,-80,-51,-100
1169,-100,-100,-100,-78,-70,-100,-77,-89,-100,-71,-86,-86,-49,-100,-77,-88,-93,-71,-100,-100,-88,-87,-78,-70,-49,-100
1169,-100,-100,-100,-82,-85,-100,-78,-89,-100,-81,-84,-100,-51,-100,-77,-88,-89,-82,-100,-100,-100,-84,-81,-85,-51,-100
1169,-100,-87,-100,-85,-87,-100,-78,-93,-100,-76,-83,-100,-58,-100,-77,-92,-91,-76,-100,-100,-100,-81,-84,-88,-57,-100
1169,-100,-87,-100,-85,-87,-100,-78,-93,-100,-74,-83,-90,-52,-100,-77,-92,-89,-74,-100,-100,-87,-81,-84,-80,-52,-100
1170,-100,-88,-100,-85,-83,-100,-67,-100,-100,-74,-88,-86,-52,-100,-67,-100,-100,-74,-100,-100,-89,-87,-85,-80,-52,-100
1170,-100,-100,-100,-85,-81,-100,-76,-89,-100,-80,-86,-83,-61,-100,-75,-100,-83,-80,-100,-100,-100,-87,-85,-82,-61,-100
1170,-100,-88,-100,-85,-81,-100,-75,-89,-100,-78,-85,-86,-54,-100,-74,-100,-100,-77,-100,-100,-89,-85,-85,-81,-53,-100
1170,-100,-88,-100,-81,-88,-100,-80,-100,-100,-77,-88,-86,-51,-100,-80,-100,-100,-77,-100,-100,-89,-87,-81,-87,-52,-100
1170,-100,-100,-100,-82,-81,-100,-70,-100,-100,-72,-87,-92,-44,-100,-69,-100,-86,-72,-100,-100,-100,-87,-82,-80,-44,-100
1171,-100,-100,-100,-86,-86,-100,-69,-100,-100,-74,-85,-82,-40,-100,-69,-100,-82,-74,-100,-100,-100,-85,-85,-87,-40,-100
1171,-100,-100,-100,-82,-89,-100,-65,-100,-100,-74,-85,-82,-37,-100,-65,-100,-82,-74,-100,-100,-100,-85,-85,-87,-38,-100
1171,-100,-92,-100,-84,-86,-100,-66,-100,-100,-77,-89,-82,-39,-100,-65,-100,-86,-76,-100,-100,-92,-90,-85,-85,-39,-100
1171,-100,-92,-100,-83,-86,-100,-70,-100,-100,-79,-90,-88,-43,-100,-71,-100,-87,-76,-100,-100,-92,-88,-83,-85,-43,-100
1171,-100,-92,-100,-84,-86,-100,-74,-100,-100,-75,-88,-92,-42,-100,-75,-100,-86,-74,-100,-100,-92,-87,-85,-87,-42,-100
1172,-100,-100,-100,-78,-84,-100,-73,-100,-100,-78,-86,-79,-42,-100,-74,-100,-80,-74,-100,-100,-100,-85,-78,-82,-42,-100
1172,-100,-100,-100,-82,-84,-100,-74,-100,-100,-72,-89,-79,-42,-100,-75,-100,-80,-72,-100,-100,-100,-88,-82,-85,-42,-100
1172,-100,-100,-100,-82,-86,-100,-62,-100,-100,-72,-89,-79,-42,-100,-62,-100,-80,-82,-100,-100,-100,-88,-81,-85,-43,-100
1172,-100,-100,-100,-82,-82,-100,-65,-100,-100,-80,-89,-79,-34,-100,-65,-100,-80,-81,-100,-100,-100,-87,-81,-81,-35,-100
1172,-100,-100,-100,-85,-82,-100,-69,-100,-100,-80,-89,-79,-38,-100,-69,-100,-80,-81,-100,-100,-100,-87,-85,-82,-39,-100
1196,-100,-100,-100,-83,-76,-100,-78,-87,-100,-71,-100,-76,-52,-100,-78,-91,-77,-71,-100,-100,-100,-100,-76,-76,-52,-100
1196,-100,-100,-100,-82,-76,-100,-80,-100,-100,-78,-100,-84,-53,-100,-79,-100,-84,-78,-100,-100,-100,-100,-82,-77,-53,-100
1196,-100,-100,-100,-82,-71,-100,-73,-91,-100,-74,-100,-84,-55,-100,-74,-92,-84,-74,-100,-100,-100,-100,-82,-72,-55,-100
1196,-100,-100,-100,-85,-69,-100,-73,-91,-100,-74,-100,-84,-61,-100,-74,-92,-84,-74,-100,-100,-100,-100,-85,-69,-61,-100
1196,-100,-100,-100,-85,-74,-100,-77,-91,-100,-78,-100,-80,-60,-100,-77,-92,-77,-78,-100,-100,-100,-100,-84,-74,-60,-100
1197,-100,-100,-100,-85,-86,-100,-76,-100,-100,-79,-82,-93,-60,-100,-75,-100,-88,-79,-100,-100,-100,-82,-84,-88,-60,-100
1197,-100,-100,-100,-79,-88,-100,-78,-93,-100,-70,-78,-86,-59,-100,-78,-92,-85,-67,-100,-100,-100,-78,-81,-88,-59,-100
1197,-100,-100,-100,-85,-87,-100,-71,-93,-100,-74,-87,-86,-56,-100,-71,-92,-85,-74,-100,-100,-100,-87,-85,-88,-56,-100
1197,-100,-100,-100,-85,-88,-100,-72,-92,-100,-69,-84,-86,-59,-100,-71,-92,-87,-69,-100,-100,-100,-84,-91,-88,-59,-100
1197,-100,-100,-100,-85,-83,-100,-79,-100,-100,-74,-85,-93,-53,-100,-75,-100,-100,-74,-100,-100,-100,-86,-84,-82,-53,-100
1200,-100,-100,-100,-83,-84,-100,-72,-100,-100,-74,-86,-100,-29,-100,-74,-100,-100,-73,-100,-100,-100,-85,-82,-82,-29,-100
1200,-100,-100,-100,-83,-80,-100,-64,-100,-100,-73,-85,-88,-30,-100,-64,-100,-100,-73,-100,-100,-100,-84,-85,-79,-30,-100
1200,-100,-100,-100,-83,-84,-100,-66,-100,-100,-75,-100,-88,-32,-100,-66,-100,-100,-75,-100,-100,-100,-87,-82,-84,-32,-100
1200,-100,-100,-100,-83,-75,-100,-69,-100,-100,-75,-86,-100,-29,-100,-70,-100,-100,-75,-100,-100,-100,-85,-82,-75,-29,-100
1200,-100,-100,-100,-83,-75,-100,-76,-100,-100,-74,-86,-100,-26,-100,-78,-100,-100,-74,-100,-100,-100,-85,-82,-74,-26,-100
1201,-100,-100,-100,-86,-76,-100,-67,-100,-100,-73,-85,-88,-29,-100,-66,-100,-100,-72,-100,-100,-100,-84,-84,-75,-28,-100
1201,-100,-100,-100,-87,-76,-100,-64,-100,-100,-79,-100,-93,-24,-100,-63,-100,-91,-80,-100,-100,-100,-100,-86,-76,-24,-100
1201,-100,-100,-100,-86,-72,-100,-61,-100,-100,-79,-100,-93,-32,-100,-61,-100,-91,-78,-100,-100,-100,-100,-87,-72,-32,-100
1201,-100,-100,-100,-86,-76,-100,-63,-100,-100,-80,-100,-93,-30,-100,-63,-100,-91,-80,-100,-100,-100,-100,-84,-75,-29,-100
1201,-100,-100,-100,-86,-76,-100,-66,-100,-100,-73,-85,-100,-29,-100,-65,-100,-100,-72,-100,-100,-100,-84,-84,-75,-28,-100
1202,-100,-100,-100,-84,-81,-100,-59,-100,-100,-73,-100,-88,-38,-100,-58,-93,-89,-73,-100,-100,-100,-100,-84,-82,-38,-100
1202,-100,-100,-100,-84,-68,-100,-58,-100,-100,-74,-91,-88,-33,-100,-57,-93,-89,-74,-100,-100,-100,-91,-84,-69,-34,-100
1202,-100,-100,-100,-84,-81,-100,-66,-100,-100,-75,-91,-89,-36,-100,-66,-100,-88,-75,-100,-100,-100,-91,-84,-81,-35,-100
1202,-100,-100,-100,-83,-75,-100,-57,-100,-100,-72,-91,-89,-36,-100,-58,-100,-89,-72,-100,-100,-100,-91,-83,-75,-36,-100
1202,-100,-100,-100,-85,-69,-100,-68,-100,-100,-74,-85,-86,-36,-100,-66,-100,-86,-74,-100,-100,-100,-86,-85,-69,-35,-100

