131,-100,-100,-62,-100,-100,-100,-100,-100,-100,-100,-100,-100,-100,-100,-100,-100,-100,-100,-100,-62,-100,-100,-100,-100,-100,-100
131,-86,-100,-58,-100,-100,-100,-100,-100,-100,-100,-100,-100,-100,-87,-100,-100,-100,-100,-100,-58,-100,-100,-100,-100,-100,-100
132,-91,-100,-56,-100,-100,-100,-100,-100,-100,-100,-100,-100,-100,-91,-100,-100,-100,-100,-100,-56,-100,-100,-100,-100,-100,-100
132,-86,-100,-44,-100,-100,-100,-100,-100,-100,-100,-100,-100,-100,-87,-100,-100,-100,-100,-100,-44,-100,-100,-100,-100,-100,-100
155,-89,-100,-53,-100,-100,-100,-100,-100,-100,-100,-100,-100,-100,-90,-100,-100,-100,-100,-100,-53,-100,-100,-100,-100,-100,-100
155,-89,-100,-62,-100,-100,-100,-100,-100,-100,-100,-100,-100,-100,-90,-100,-100,-100,-100,-100,-62,-100,-100,-100,-100,-100,-100
156,-87,-100,-65,-100,-100,-100,-100,-100,-100,-100,-100,-100,-100,-87,-100,-100,-100,-100,-100,-65,-100,-100,-100,-100,-100,-100
156,-87,-100,-65,-100,-100,-100,-100,-100,-100,-100,-100,-100,-100,-87,-100,-100,-100,-100,-100,-65,-100,-100,-100,-100,-100,-100
179,-71,-100,-65,-100,-100,-100,-100,-100,-100,-100,-100,-100,-100,-71,-100,-100,-100,-100,-100,-65,-100,-100,-100,-100,-100,-100
179,-80,-100,-70,-100,-100,-100,-100,-100,-100,-100,-100,-100,-100,-80,-100,-100,-100,-100,-100,-70,-100,-100,-100,-100,-100,-100
180,-79,-100,-66,-100,-100,-100,-100,-100,-100,-100,-100,-100,-100,-79,-100,-100,-100,-100,-100,-66,-100,-100,-100,-100,-100,-100
180,-83,-100,-69,-100,-100,-100,-100,-100,-100,-100,-100,-100,-100,-84,-100,-100,-100,-100,-100,-69,-100,-100,-100,-100,-100,-100
203,-78,-100,-81,-100,-100,-100,-100,-100,-100,-100,-100,-100,-100,-78,-100,-100,-100,-100,-100,-82,-100,-100,-100,-100,-100,-100
203,-83,-100,-69,-100,-100,-100,-100,-100,-100,-100,-100,-100,-100,-84,-100,-100,-100,-100,-100,-69,-100,-100,-100,-100,-100,-100
204,-84,-100,-71,-100,-100,-100,-100,-100,-100,-100,-100,-100,-100,-84,-100,-100,-100,-100,-100,-71,-100,-100,-100,-100,-100,-100
204,-78,-100,-75,-100,-100,-100,-100,-100,-100,-100,-100,-100,-100,-78,-100,-100,-100,-100,-100,-75,-100,-100,-100,-100,-100,-100
205,-81,-100,-80,-100,-100,-100,-100,-100,-100,-100,-100,-100,-100,-82,-100,-100,-100,-100,-100,-80,-100,-100,-100,-100,-100,-100
205,-81,-100,-71,-100,-100,-100,-100,-100,-100,-100,-100,-100,-100,-81,-100,-100,-100,-100,-100,-71,-100,-100,-100,-100,-100,-100
206,-82,-100,-82,-100,-100,-100,-100,-100,-100,-100,-100,-100,-100,-83,-100,-100,-100,-100,-100,-83,-100,-100,-100,-100,-100,-100
206,-81,-100,-70,-100,-100,-100,-100,-100,-100,-100,-100,-100,-100,-87,-100,-100,-100,-100,-100,-78,-100,-100,-100,-100,-100,-100
207,-83,-100,-81,-100,-100,-100,-100,-100,-100,-100,-100,-100,-100,-83,-100,-100,-100,-100,-100,-82,-100,-100,-100,-100,-100,-100
207,-88,-100,-73,-100,-100,-100,-100,-100,-100,-100,-100,-100,-100,-89,-100,-100,-100,-100,-100,-73,-100,-100,-100,-100,-100,-100
208,-89,-100,-90,-100,-100,-100,-100,-100,-100,-100,-100,-100,-100,-89,-100,-100,-100,-100,-100,-90,-100,-100,-100,-100,-100,-100
208,-88,-100,-86,-100,-100,-100,-100,-100,-100,-100,-100,-100,-100,-88,-100,-100,-100,-100,-100,-86,-100,-100,-100,-100,-100,-100
227,-72,-100,-79,-100,-100,-100,-100,-100,-100,-100,-100,-100,-100,-72,-100,-100,-100,-100,-100,-79,-100,-100,-100,-100,-100,-100
227,-84,-100,-83,-100,-100,-100,-100,-100,-100,-100,-100,-100,-100,-84,-100,-100,-100,-100,-100,-83,-100,-100,-100,-100,-100,-100
228,-82,-100,-79,-100,-100,-100,-100,-100,-100,-100,-100,-100,-100,-83,-100,-100,-100,-100,-100,-79,-100,-100,-100,-100,-100,-100
228,-66,-100,-87,-100,-100,-100,-100,-100,-100,-100,-100,-100,-100,-67,-100,-100,-100,-100,-100,-87,-100,-100,-100,-100,-100,-100
229,-71,-100,-79,-100,-100,-100,-100,-100,-100,-100,-100,-100,-100,-71,-100,-100,-100,-100,-100,-78,-100,-100,-100,-100,-100,-100
229,-66,-100,-83,-100,-100,-100,-100,-100,-100,-100,-100,-100,-100,-67,-100,-100,-100,-100,-100,-83,-100,-100,-100,-100,-100,-100
230,-84,-100,-73,-100,-100,-100,-100,-100,-100,-100,-100,-100,-100,-84,-100,-100,-100,-100,-100,-73,-100,-100,-100,-100,-100,-100
230,-83,-100,-72,-100,-100,-100,-100,-100,-100,-100,-100,-100,-100,-83,-100,-100,-100,-100,-100,-72,-100,-100,-100,-100,-100,-100
231,-87,-100,-83,-100,-100,-100,-100,-100,-100,-100,-100,-100,-100,-87,-100,-100,-100,-100,-100,-83,-100,-100,-100,-100,-100,-100
231,-86,-100,-78,-100,-100,-100,-100,-100,-100,-100,-100,-100,-100,-86,-100,-100,-100,-100,-100,-78,-100,-100,-100,-100,-100,-100
232,-83,-100,-88,-100,-100,-100,-100,-100,-100,-100,-100,-100,-100,-83,-100,-100,-100,-100,-100,-88,-100,-100,-100,-100,-100,-100
232,-85,-100,-86,-100,-100,-100,-100,-100,-100,-100,-100,-100,-100,-86,-100,-100,-100,-100,-100,-86,-100,-100,-100,-100,-100,-100
246,-93,-100,-100,-100,-100,-100,-100,-100,-100,-100,-100,-100,-100,-92,-100,-100,-100,-100,-100,-100,-100,-100,-100,-100,-100,-100
246,-100,-100,-100,-100,-100,-100,-100,-100,-100,-100,-100,-100,-100,-100,-100,-100,-100,-100,-100,-100,-100,-100,-100,-100,-100,-100
247,-100,-100,-100,-100,-100,-100,-100,-100,-100,-100,-100,-100,-100,-100,-100,-100,-100,-100,-100,-100,-100,-100,-100,-100,-100,-100
247,-100,-100,-100,-100,-100,-90,-100,-100,-100,-100,-100,-100,-100,-100,-100,-100,-100,-100,-100,-100,-100,-100,-100,-100,-100,-91
251,-80,-100,-82,-100,-100,-100,-100,-100,-100,-100,-100,-100,-100,-81,-100,-100,-100,-100,-100,-83,-100,-100,-100,-100,-100,-100
251,-88,-100,-85,-100,-100,-100,-100,-100,-100,-100,-100,-100,-100,-88,-100,-100,-100,-100,-100,-85,-100,-100,-100,-100,-100,-100
252,-84,-100,-78,-100,-100,-100,-100,-100,-100,-100,-100,-100,-100,-85,-100,-100,-100,-100,-100,-77,-100,-100,-100,-100,-100,-100
252,-82,-100,-85,-100,-100,-100,-100,-100,-100,-100,-100,-100,-100,-82,-100,-100,-100,-100,-100,-86,-100,-100,-100,-100,-100,-100
253,-81,-100,-80,-100,-100,-100,-100,-100,-100,-100,-100,-100,-100,-82,-100,-100,-100,-100,-100,-80,-100,-100,-100,-100,-100,-100
253,-85,-100,-78,-100,-100,-100,-100,-100,-100,-100,-100,-100,-100,-83,-100,-100,-100,-100,-100,-77,-100,-100,-100,-100,-100,-100
254,-68,-100,-80,-100,-100,-100,-100,-100,-100,-100,-100,-100,-100,-67,-100,-100,-100,-100,-100,-80,-100,-100,-100,-100,-100,-100
254,-80,-100,-80,-100,-100,-100,-100,-100,-100,-100,-100,-100,-100,-80,-100,-100,-100,-100,-100,-89,-100,-100,-100,-100,-100,-100
255,-86,-100,-85,-100,-100,-100,-100,-100,-100,-100,-100,-100,-100,-85,-100,-100,-100,-100,-100,-84,-100,-100,-100,-100,-100,-100
255,-83,-100,-90,-100,-100,-100,-100,-100,-100,-100,-100,-100,-100,-83,-100,-100,-100,-100,-100,-89,-100,-100,-100,-100,-100,-100
256,-82,-100,-83,-100,-100,-100,-100,-100,-100,-100,-100,-100,-100,-82,-100,-100,-100,-100,-100,-83,-100,-100,-100,-100,-100,-100
256,-82,-100,-84,-100,-100,-100,-100,-100,-100,-100,-100,-100,-100,-82,-100,-100,-100,-100,-100,-84,-100,-100,-100,-100,-100,-100
262,-63,-100,-100,-100,-100,-100,-100,-100,-100,-100,-100,-100,-100,-63,-100,-100,-100,-100,-100,-100,-100,-100,-100,-100,-100,-100
262,-63,-100,-100,-100,-100,-100,-100,-100,-100,-100,-100,-100,-100,-63,-100,-100,-100,-100,-100,-100,-100,-100,-100,-100,-100,-100
263,-58,-100,-100,-100,-100,-100,-100,-100,-100,-100,-100,-100,-100,-58,-100,-100,-100,-100,-100,-100,-100,-100,-100,-100,-100,-100
263,-62,-100,-100,-100,-100,-100,-100,-100,-100,-100,-100,-100,-100,-62,-100,-100,-100,-100,-100,-100,-100,-100,-100,-100,-100,-100
264,-64,-100,-100,-100,-100,-100,-100,-100,-100,-100,-100,-100,-100,-64,-100,-100,-100,-100,-100,-100,-100,-100,-100,-100,-100,-100
264,-62,-100,-100,-100,-100,-100,-100,-100,-100,-100,-100,-100,-100,-62,-100,-100,-100,-100,-100,-100,-100,-100,-100,-100,-100,-100
265,-65,-100,-100,-100,-100,-100,-100,-100,-100,-100,-100,-100,-100,-65,-100,-100,-100,-100,-100,-100,-100,-100,-100,-100,-100,-100
265,-66,-100,-100,-100,-100,-100,-100,-100,-100,-100,-100,-100,-100,-66,-100,-100,-100,-100,-100,-100,-100,-100,-100,-100,-100,-100
266,-65,-100,-100,-100,-100,-100,-100,-100,-100,-100,-100,-100,-100,-65,-100,-100,-100,-100,-100,-100,-100,-100,-100,-100,-100,-100
266,-64,-100,-100,-100,-100,-100,-100,-100,-100,-100,-100,-100,-100,-64,-100,-100,-100,-100,-100,-100,-100,-100,-100,-100,-100,-100
270,-86,-100,-100,-100,-100,-86,-100,-100,-100,-100,-100,-100,-100,-91,-100,-100,-100,-100,-100,-100,-100,-100,-100,-100,-100,-86
270,-86,-100,-100,-100,-100,-86,-100,-100,-100,-100,-100,-100,-100,-91,-100,-100,-100,-100,-100,-100,-100,-100,-100,-100,-100,-86
271,-92,-100,-100,-100,-100,-90,-100,-100,-100,-100,-100,-100,-100,-100,-100,-100,-100,-100,-100,-100,-100,-100,-100,-100,-100,-91
271,-92,-100,-100,-100,-100,-88,-100,-100,-100,-100,-100,-100,-100,-100,-100,-100,-100,-100,-100,-100,-100,-100,-100,-100,-100,-88
275,-80,-100,-90,-100,-100,-100,-100,-100,-100,-100,-100,-100,-100,-80,-100,-100,-100,-100,-100,-90,-100,-100,-100,-100,-100,-100
275,-82,-100,-87,-100,-100,-100,-100,-100,-100,-100,-100,-100,-100,-82,-100,-100,-100,-100,-100,-88,-100,-100,-100,-100,-100,-100
276,-77,-100,-88,-100,-100,-100,-100,-100,-100,-100,-100,-100,-100,-77,-100,-100,-100,-100,-100,-88,-100,-100,-100,-100,-100,-100
276,-80,-100,-85,-100,-100,-100,-100,-100,-100,-100,-100,-100,-100,-80,-100,-100,-100,-100,-100,-85,-100,-100,-100,-100,-100,-100
277,-78,-100,-84,-100,-100,-100,-100,-100,-100,-100,-100,-100,-100,-76,-100,-100,-100,-100,-100,-81,-100,-100,-100,-100,-100,-100
277,-77,-100,-83,-100,-100,-100,-100,-100,-100,-100,-100,-100,-100,-78,-100,-100,-100,-100,-100,-82,-100,-100,-100,-100,-100,-100
278,-78,-100,-85,-100,-100,-100,-100,-100,-100,-100,-100,-100,-100,-78,-100,-100,-100,-100,-100,-84,-100,-100,-100,-100,-100,-100
278,-70,-100,-79,-100,-100,-100,-100,-100,-100,-100,-100,-100,-100,-70,-100,-100,-100,-100,-100,-79,-100,-100,-100,-100,-100,-100
279,-71,-100,-84,-100,-100,-100,-100,-100,-100,-100,-100,-100,-100,-71,-100,-100,-100,-100,-100,-85,-100,-100,-100,-100,-100,-100
279,-73,-100,-83,-100,-100,-100,-100,-100,-100,-100,-100,-100,-100,-73,-100,-100,-100,-100,-100,-83,-100,-100,-100,-100,-100,-100
280,-82,-100,-83,-100,-100,-100,-100,-100,-100,-100,-100,-100,-100,-82,-100,-100,-100,-100,-100,-81,-100,-100,-100,-100,-100,-100
280,-83,-100,-87,-100,-100,-100,-100,-100,-100,-100,-100,-100,-100,-83,-100,-100,-100,-100,-100,-83,-100,-100,-100,-100,-100,-100
286,-52,-100,-100,-100,-100,-100,-100,-100,-100,-100,-100,-100,-100,-52,-100,-100,-100,-100,-100,-100,-100,-100,-100,-100,-100,-100
286,-58,-100,-100,-100,-100,-100,-100,-100,-100,-100,-100,-100,-100,-58,-100,-100,-100,-100,-100,-100,-100,-100,-100,-100,-100,-100
287,-61,-100,-100,-100,-100,-100,-100,-100,-100,-100,-100,-100,-100,-61,-100,-100,-100,-100,-100,-100,-100,-100,-100,-100,-100,-100
287,-68,-100,-100,-100,-100,-100,-100,-100,-100,-100,-100,-100,-100,-68,-100,-100,-100,-100,-100,-100,-100,-100,-100,-100,-100,-100
288,-68,-100,-100,-100,-100,-100,-100,-100,-100,-100,-100,-100,-100,-68,-100,-100,-100,-100,-100,-100,-100,-100,-100,-100,-100,-100
288,-68,-100,-100,-100,-100,-100,-100,-100,-100,-100,-100,-100,-100,-68,-100,-100,-100,-100,-100,-100,-100,-100,-100,-100,-100,-100
289,-66,-100,-100,-100,-100,-100,-100,-100,-100,-100,-100,-100,-100,-66,-100,-100,-100,-100,-100,-100,-100,-100,-100,-100,-100,-100
289,-69,-100,-100,-100,-100,-100,-100,-100,-100,-100,-100,-100,-100,-69,-100,-100,-100,-100,-100,-100,-100,-100,-100,-100,-100,-100
290,-69,-100,-100,-100,-100,-100,-100,-100,-100,-100,-100,-100,-100,-69,-100,-100,-100,-100,-100,-100,-100,-100,-100,-100,-100,-100
290,-65,-100,-100,-100,-100,-100,-100,-100,-100,-100,-100,-100,-100,-66,-100,-100,-100,-100,-100,-100,-100,-100,-100,-100,-100,-100
294,-89,-100,-100,-100,-100,-87,-100,-100,-100,-100,-100,-100,-100,-89,-100,-100,-100,-100,-100,-100,-100,-100,-100,-100,-100,-86
294,-86,-100,-100,-100,-100,-86,-100,-100,-100,-100,-100,-100,-100,-87,-100,-100,-100,-100,-100,-100,-100,-100,-100,-100,-100,-86
295,-87,-100,-100,-100,-100,-89,-100,-100,-100,-100,-100,-100,-100,-89,-100,-100,-100,-100,-100,-100,-100,-100,-100,-100,-100,-89
295,-91,-100,-100,-100,-100,-92,-100,-100,-100,-100,-100,-100,-100,-90,-100,-100,-100,-100,-100,-100,-100,-100,-100,-100,-100,-93
299,-70,-100,-83,-100,-100,-100,-100,-100,-100,-100,-100,-100,-100,-70,-100,-100,-100,-100,-100,-82,-100,-100,-100,-100,-100,-100
299,-78,-100,-87,-100,-100,-89,-100,-100,-100,-100,-100,-100,-100,-78,-100,-100,-100,-100,-100,-86,-100,-100,-100,-100,-100,-89
300,-67,-100,-85,-100,-100,-100,-100,-100,-100,-100,-100,-100,-100,-68,-100,-100,-100,-100,-100,-91,-100,-100,-100,-100,-100,-100
300,-68,-100,-85,-100,-100,-100,-100,-100,-100,-100,-100,-100,-100,-68,-100,-100,-100,-100,-100,-85,-100,-100,-100,-100,-100,-100
301,-68,-100,-83,-100,-100,-100,-100,-100,-100,-100,-100,-100,-100,-68,-100,-100,-100,-100,-100,-84,-100,-100,-100,-100,-100,-100
301,-66,-100,-85,-100,-100,-100,-100,-100,-100,-100,-100,-100,-100,-66,-100,-100,-100,-100,-100,-85,-100,-100,-100,-100,-100,-100
302,-69,-100,-89,-100,-100,-100,-100,-100,-100,-100,-100,-100,-100,-69,-100,-100,-100,-100,-100,-89,-100,-100,-100,-100,-100,-100
302,-65,-100,-85,-100,-100,-100,-100,-100,-100,-100,-100,-100,-100,-64,-100,-100,-100,-100,-100,-85,-100,-100,-100,-100,-100,-100
303,-63,-100,-92,-100,-100,-100,-100,-100,-100,-100,-100,-100,-100,-63,-100,-100,-100,-100,-100,-93,-100,-100,-100,-100,-100,-100
303,-66,-100,-89,-100,-100,-100,-100,-100,-100,-100,-100,-100,-100,-66,-100,-100,-100,-100,-100,-89,-100,-100,-100,-100,-100,-100
304,-64,-100,-86,-100,-100,-100,-100,-100,-100,-100,-100,-100,-100,-64,-100,-100,-100,-100,-100,-86,-100,-100,-100,-100,-100,-100
304,-65,-100,-87,-100,-100,-100,-100,-100,-100,-100,-100,-100,-100,-65,-100,-100,-100,-100,-100,-87,-100,-100,-100,-100,-100,-100
305,-58,-100,-100,-100,-100,-100,-100,-100,-100,-100,-100,-100,-100,-58,-100,-100,-100,-100,-100,-100,-100,-100,-100,-100,-100,-100
305,-54,-100,-100,-100,-100,-100,-100,-100,-100,-100,-100,-100,-100,-54,-100,-100,-100,-100,-100,-100,-100,-100,-100,-100,-100,-100
306,-52,-100,-100,-100,-100,-100,-100,-100,-100,-100,-100,-100,-100,-52,-100,-100,-100,-100,-100,-100,-100,-100,-100,-100,-100,-100
306,-55,-100,-100,-100,-100,-100,-100,-100,-100,-100,-100,-100,-100,-55,-100,-100,-100,-100,-100,-100,-100,-100,-100,-100,-100,-100
307,-42,-100,-100,-100,-100,-100,-100,-100,-100,-100,-100,-100,-100,-42,-100,-100,-100,-100,-100,-100,-100,-100,-100,-100,-100,-100
307,-49,-100,-100,-100,-100,-100,-100,-100,-100,-100,-100,-100,-100,-49,-100,-100,-100,-100,-100,-100,-100,-100,-100,-100,-100,-100
309,-35,-100,-100,-100,-100,-100,-100,-100,-100,-100,-100,-100,-100,-35,-100,-100,-100,-100,-100,-100,-100,-100,-100,-100,-100,-100
309,-35,-100,-100,-100,-100,-100,-100,-100,-100,-100,-100,-100,-100,-35,-100,-100,-100,-100,-100,-100,-100,-100,-100,-100,-100,-100
310,-40,-100,-100,-100,-100,-100,-100,-100,-100,-100,-100,-100,-100,-40,-100,-100,-100,-100,-100,-100,-100,-100,-100,-100,-100,-100
310,-45,-100,-100,-100,-100,-100,-100,-100,-100,-100,-100,-100,-100,-45,-100,-100,-100,-100,-100,-100,-100,-100,-100,-100,-100,-100
328,-53,-100,-89,-100,-100,-100,-100,-100,-100,-100,-100,-100,-100,-53,-100,-100,-100,-100,-100,-90,-100,-100,-100,-100,-100,-100
328,-47,-100,-89,-100,-100,-100,-100,-100,-100,-100,-100,-100,-100,-47,-100,-100,-100,-100,-100,-90,-100,-100,-100,-100,-100,-100
329,-49,-100,-90,-100,-100,-100,-100,-100,-100,-100,-100,-100,-100,-50,-100,-100,-100,-100,-100,-91,-100,-100,-100,-100,-100,-100
329,-53,-100,-90,-100,-100,-100,-100,-100,-100,-100,-100,-100,-100,-53,-100,-100,-100,-100,-100,-91,-100,-100,-100,-100,-100,-100
330,-48,-100,-94,-100,-100,-100,-100,-100,-100,-100,-100,-100,-100,-48,-100,-100,-100,-100,-100,-100,-100,-100,-100,-100,-100,-100
330,-55,-100,-94,-100,-100,-100,-100,-100,-100,-100,-100,-100,-100,-55,-100,-100,-100,-100,-100,-100,-100,-100,-100,-100,-100,-100
331,-54,-100,-100,-100,-100,-100,-100,-100,-100,-100,-100,-100,-100,-54,-100,-100,-100,-100,-100,-100,-100,-100,-100,-100,-100,-100
331,-46,-100,-100,-100,-100,-100,-100,-100,-100,-100,-100,-100,-100,-46,-100,-100,-100,-100,-100,-100,-100,-100,-100,-100,-100,-100
332,-48,-100,-100,-100,-100,-100,-100,-100,-100,-100,-100,-100,-100,-48,-100,-100,-100,-100,-100,-100,-100,-100,-100,-100,-100,-100
332,-50,-100,-100,-100,-100,-100,-100,-100,-100,-100,-100,-100,-100,-50,-100,-100,-100,-100,-100,-100,-100,-100,-100,-100,-100,-100
333,-49,-100,-100,-100,-100,-100,-100,-100,-100,-100,-100,-100,-100,-49,-100,-100,-100,-100,-100,-100,-100,-100,-100,-100,-100,-100
333,-44,-100,-100,-100,-100,-100,-100,-100,-100,-100,-100,-100,-100,-44,-100,-100,-100,-100,-100,-100,-100,-100,-100,-100,-100,-100
334,-43,-100,-100,-100,-100,-100,-100,-100,-100,-100,-100,-100,-100,-43,-100,-100,-100,-100,-100,-100,-100,-100,-100,-100,-100,-100
334,-45,-100,-100,-100,-100,-100,-100,-100,-100,-100,-100,-100,-100,-45,-100,-100,-100,-100,-100,-100,-100,-100,-100,-100,-100,-100
349,-71,-100,-87,-100,-100,-91,-100,-100,-100,-100,-100,-100,-100,-73,-100,-100,-100,-100,-100,-87,-100,-100,-100,-100,-100,-92
349,-59,-100,-85,-100,-100,-100,-100,-100,-100,-100,-100,-100,-100,-59,-100,-100,-100,-100,-100,-85,-100,-100,-100,-100,-100,-100
350,-57,-100,-91,-100,-100,-91,-100,-100,-100,-100,-100,-100,-100,-57,-100,-100,-100,-100,-100,-91,-100,-100,-100,-100,-100,-92
350,-61,-100,-89,-100,-100,-91,-100,-100,-100,-100,-100,-100,-100,-61,-100,-100,-100,-100,-100,-89,-100,-100,-100,-100,-100,-92
351,-56,-100,-89,-100,-100,-100,-100,-100,-100,-100,-100,-100,-100,-56,-100,-100,-100,-100,-100,-89,-100,-100,-100,-100,-100,-100
351,-51,-100,-100,-100,-100,-100,-100,-100,-100,-100,-100,-100,-100,-51,-100,-100,-100,-100,-100,-100,-100,-100,-100,-100,-100,-100
352,-62,-100,-100,-100,-100,-91,-100,-100,-100,-100,-100,-100,-100,-62,-100,-100,-100,-100,-100,-100,-100,-100,-100,-100,-100,-90
352,-65,-100,-100,-100,-100,-91,-100,-100,-100,-100,-100,-100,-100,-66,-100,-100,-100,-100,-100,-100,-100,-100,-100,-100,-100,-90
356,-47,-100,-100,-100,-100,-100,-100,-100,-100,-100,-100,-100,-100,-47,-100,-100,-100,-100,-100,-100,-100,-100,-100,-100,-100,-100
356,-50,-100,-100,-100,-100,-100,-100,-100,-100,-100,-100,-100,-100,-50,-100,-100,-100,-100,-100,-100,-100,-100,-100,-100,-100,-100
357,-51,-100,-100,-100,-100,-100,-100,-100,-100,-100,-100,-100,-100,-51,-100,-100,-100,-100,-100,-100,-100,-100,-100,-100,-100,-100
357,-51,-100,-100,-100,-100,-100,-100,-100,-100,-100,-100,-100,-100,-51,-100,-100,-100,-100,-100,-100,-100,-100,-100,-100,-100,-100
358,-50,-100,-100,-100,-100,-100,-100,-100,-100,-100,-100,-100,-100,-50,-100,-100,-100,-100,-100,-100,-100,-100,-100,-100,-100,-100
358,-46,-100,-100,-100,-100,-100,-100,-100,-100,-100,-100,-100,-100,-46,-100,-100,-100,-100,-100,-100,-100,-100,-100,-100,-100,-100
359,-54,-100,-100,-100,-100,-100,-100,-100,-100,-100,-100,-100,-100,-54,-100,-100,-100,-100,-100,-100,-100,-100,-100,-100,-100,-100
359,-64,-100,-100,-100,-100,-100,-100,-100,-100,-100,-100,-100,-100,-65,-100,-100,-100,-100,-100,-100,-100,-100,-100,-100,-100,-100
360,-65,-100,-100,-100,-100,-100,-100,-100,-100,-100,-100,-100,-100,-65,-100,-100,-100,-100,-100,-100,-100,-100,-100,-100,-100,-100
360,-57,-100,-100,-100,-100,-100,-100,-100,-100,-100,-100,-100,-100,-57,-100,-100,-100,-100,-100,-100,-100,-100,-100,-100,-100,-100
373,-65,-100,-89,-100,-100,-91,-100,-100,-100,-100,-100,-100,-100,-65,-100,-100,-100,-100,-100,-88,-100,-100,-100,-100,-100,-92
373,-57,-100,-90,-100,-100,-91,-100,-100,-100,-100,-100,-100,-100,-58,-100,-100,-100,-100,-100,-90,-100,-100,-100,-100,-100,-92
374,-61,-100,-92,-100,-100,-91,-100,-100,-100,-100,-100,-100,-100,-62,-100,-100,-100,-100,-100,-88,-100,-100,-100,-100,-100,-92
374,-68,-100,-92,-100,-100,-91,-100,-100,-100,-100,-100,-100,-100,-68,-100,-100,-100,-100,-100,-88,-100,-100,-100,-100,-100,-92
375,-68,-100,-90,-100,-100,-100,-100,-100,-100,-100,-100,-100,-100,-68,-100,-100,-100,-100,-100,-90,-100,-100,-100,-100,-100,-100
375,-61,-100,-100,-100,-100,-100,-100,-100,-100,-100,-100,-100,-100,-62,-100,-100,-100,-100,-100,-100,-100,-100,-100,-100,-100,-100
376,-67,-100,-93,-100,-100,-91,-100,-100,-100,-100,-100,-100,-100,-67,-100,-100,-100,-100,-100,-100,-100,-100,-100,-100,-100,-90
376,-64,-100,-93,-100,-100,-89,-100,-100,-100,-100,-100,-100,-100,-64,-100,-100,-100,-100,-100,-100,-100,-100,-100,-100,-100,-92
397,-70,-100,-90,-100,-100,-85,-100,-100,-100,-100,-100,-100,-100,-71,-100,-100,-100,-100,-100,-91,-100,-100,-100,-100,-100,-85
397,-63,-100,-86,-100,-100,-85,-100,-100,-100,-100,-100,-100,-100,-63,-100,-100,-100,-100,-100,-87,-100,-100,-100,-100,-100,-85
398,-65,-100,-88,-100,-100,-91,-100,-100,-100,-100,-100,-100,-100,-65,-100,-100,-100,-100,-100,-88,-100,-100,-100,-100,-100,-92
398,-66,-100,-87,-100,-100,-100,-100,-100,-100,-100,-100,-100,-100,-66,-100,-100,-100,-100,-100,-92,-100,-100,-100,-100,-100,-100
399,-74,-100,-90,-100,-100,-91,-100,-100,-100,-100,-100,-100,-100,-75,-100,-100,-100,-100,-100,-91,-100,-100,-100,-100,-100,-92
399,-74,-100,-90,-100,-100,-91,-100,-100,-100,-100,-100,-100,-100,-75,-100,-100,-100,-100,-100,-91,-100,-100,-100,-100,-100,-92
400,-73,-100,-93,-100,-100,-89,-100,-100,-100,-100,-100,-100,-100,-73,-100,-100,-100,-100,-100,-100,-100,-100,-100,-100,-100,-92
400,-73,-100,-100,-100,-100,-88,-100,-100,-100,-100,-100,-100,-100,-73,-100,-100,-100,-100,-100,-100,-100,-100,-100,-100,-100,-89
414,-64,-100,-100,-100,-100,-69,-100,-100,-100,-100,-100,-100,-100,-64,-100,-100,-100,-100,-100,-100,-100,-100,-100,-100,-100,-69
414,-74,-100,-100,-100,-100,-78,-100,-100,-100,-100,-100,-100,-100,-75,-100,-100,-100,-100,-100,-100,-100,-100,-100,-100,-100,-78
415,-65,-100,-100,-100,-100,-84,-100,-100,-100,-100,-100,-100,-100,-65,-100,-100,-100,-100,-100,-100,-100,-100,-100,-100,-100,-84
415,-61,-100,-100,-100,-100,-80,-100,-100,-100,-100,-100,-100,-100,-61,-100,-100,-100,-100,-100,-100,-100,-100,-100,-100,-100,-80
416,-67,-100,-100,-100,-100,-88,-100,-100,-100,-100,-100,-100,-100,-67,-100,-100,-100,-100,-100,-100,-100,-100,-100,-100,-100,-88
416,-68,-100,-100,-100,-100,-86,-100,-100,-100,-100,-100,-100,-100,-68,-100,-100,-100,-100,-100,-100,-100,-100,-100,-100,-100,-86
421,-68,-100,-90,-100,-100,-85,-100,-100,-100,-100,-100,-100,-100,-68,-100,-100,-100,-100,-100,-90,-100,-100,-100,-100,-100,-85
421,-68,-100,-90,-100,-100,-89,-100,-100,-100,-100,-100,-100,-100,-68,-100,-100,-100,-100,-100,-90,-100,-100,-100,-100,-100,-89
422,-73,-100,-90,-100,-100,-90,-100,-100,-100,-100,-100,-100,-100,-73,-100,-100,-100,-100,-100,-91,-100,-100,-100,-100,-100,-90
422,-76,-100,-92,-100,-100,-89,-100,-100,-100,-100,-100,-100,-100,-75,-100,-100,-100,-100,-100,-92,-100,-100,-100,-100,-100,-89
423,-81,-100,-100,-100,-100,-100,-100,-100,-100,-100,-100,-100,-100,-81,-100,-100,-100,-100,-100,-100,-100,-100,-100,-100,-100,-100
423,-73,-100,-92,-100,-100,-89,-100,-100,-100,-100,-100,-100,-100,-73,-100,-100,-100,-100,-100,-92,-100,-100,-100,-100,-100,-90
424,-78,-100,-93,-100,-100,-100,-100,-100,-100,-100,-100,-100,-100,-79,-100,-100,-100,-100,-100,-100,-100,-100,-100,-100,-100,-100
424,-71,-100,-93,-100,-100,-92,-100,-100,-100,-100,-100,-100,-100,-71,-100,-100,-100,-100,-100,-100,-100,-100,-100,-100,-100,-100
438,-69,-100,-100,-100,-100,-64,-100,-100,-100,-100,-100,-100,-100,-70,-100,-100,-100,-100,-100,-100,-100,-100,-100,-100,-100,-65
438,-74,-100,-100,-100,-100,-74,-100,-100,-100,-100,-100,-100,-100,-74,-100,-100,-100,-100,-100,-100,-100,-100,-100,-100,-100,-76
439,-72,-100,-100,-100,-100,-81,-100,-100,-100,-100,-100,-100,-100,-72,-100,-100,-100,-100,-100,-100,-100,-100,-100,-100,-100,-81
439,-71,-100,-100,-100,-100,-83,-100,-100,-100,-100,-100,-100,-100,-71,-100,-100,-100,-100,-100,-100,-100,-100,-100,-100,-100,-83
440,-68,-100,-100,-100,-100,-84,-100,-100,-100,-100,-100,-100,-100,-68,-100,-100,-100,-100,-100,-100,-100,-100,-100,-100,-100,-84
440,-75,-100,-100,-100,-100,-88,-100,-100,-100,-100,-100,-100,-100,-76,-100,-100,-100,-100,-100,-100,-100,-100,-100,-100,-100,-87
441,-79,-100,-100,-100,-100,-82,-100,-100,-100,-100,-100,-100,-100,-79,-100,-100,-100,-100,-100,-100,-100,-100,-100,-100,-100,-82
441,-85,-100,-100,-100,-100,-89,-100,-100,-100,-100,-100,-100,-100,-85,-100,-100,-100,-100,-100,-100,-100,-100,-100,-100,-100,-90
442,-76,-100,-100,-100,-100,-92,-100,-100,-100,-100,-100,-100,-100,-76,-100,-100,-100,-100,-100,-100,-100,-100,-100,-100,-100,-91
442,-70,-100,-100,-100,-100,-86,-100,-100,-100,-100,-100,-100,-100,-70,-100,-100,-100,-100,-100,-100,-100,-100,-100,-100,-100,-87
445,-82,-100,-89,-100,-100,-92,-100,-100,-100,-100,-100,-100,-100,-82,-100,-100,-100,-100,-100,-90,-100,-100,-100,-100,-100,-91
445,-74,-100,-87,-100,-100,-91,-100,-100,-100,-100,-100,-100,-100,-74,-100,-100,-100,-100,-100,-88,-100,-100,-100,-100,-100,-91
446,-74,-100,-88,-100,-100,-100,-100,-100,-100,-100,-100,-100,-100,-74,-100,-100,-100,-100,-100,-89,-100,-100,-100,-100,-100,-100
446,-83,-100,-88,-100,-100,-100,-100,-100,-100,-100,-100,-100,-100,-84,-100,-100,-100,-100,-100,-89,-100,-100,-100,-100,-100,-100
447,-80,-100,-92,-100,-100,-100,-100,-100,-100,-100,-100,-100,-100,-80,-100,-100,-100,-100,-100,-92,-100,-100,-100,-100,-100,-100
447,-80,-100,-92,-100,-100,-100,-100,-100,-100,-100,-100,-100,-100,-81,-100,-100,-100,-100,-100,-92,-100,-100,-100,-100,-100,-100
448,-90,-100,-100,-100,-100,-92,-100,-100,-100,-100,-100,-100,-100,-90,-100,-100,-100,-100,-100,-100,-100,-100,-100,-100,-100,-100
448,-84,-100,-100,-100,-100,-92,-100,-100,-100,-100,-100,-100,-100,-85,-100,-100,-100,-100,-100,-100,-100,-100,-100,-100,-100,-100
462,-91,-100,-100,-100,-100,-83,-100,-100,-100,-100,-100,-100,-100,-91,-100,-100,-100,-100,-100,-100,-100,-100,-100,-100,-100,-84
462,-90,-100,-100,-100,-100,-82,-100,-100,-100,-100,-100,-100,-100,-91,-100,-100,-100,-100,-100,-100,-100,-100,-100,-100,-100,-82
463,-85,-100,-100,-100,-100,-75,-100,-100,-100,-100,-100,-100,-100,-85,-100,-100,-100,-100,-100,-100,-100,-100,-100,-100,-100,-75
463,-84,-100,-100,-100,-100,-80,-100,-100,-100,-100,-100,-100,-100,-84,-100,-100,-100,-100,-100,-100,-100,-100,-100,-100,-100,-80
464,-88,-100,-100,-100,-100,-89,-100,-100,-100,-100,-100,-100,-100,-89,-100,-100,-100,-100,-100,-100,-100,-100,-100,-100,-100,-88
464,-88,-100,-100,-100,-100,-89,-100,-100,-100,-100,-100,-100,-100,-89,-100,-100,-100,-100,-100,-100,-100,-100,-100,-100,-100,-91
465,-79,-100,-100,-100,-100,-100,-100,-100,-100,-100,-100,-100,-100,-80,-100,-100,-100,-100,-100,-100,-100,-100,-100,-100,-100,-100
465,-84,-100,-100,-100,-100,-100,-100,-100,-100,-100,-100,-100,-100,-83,-100,-100,-100,-100,-100,-100,-100,-100,-100,-100,-100,-100
466,-80,-100,-100,-100,-100,-83,-100,-100,-100,-100,-100,-100,-100,-81,-100,-100,-100,-100,-100,-100,-100,-100,-100,-100,-100,-83
466,-87,-100,-100,-100,-100,-100,-100,-100,-100,-100,-100,-100,-100,-87,-100,-100,-100,-100,-100,-100,-100,-100,-100,-100,-100,-100
469,-80,-100,-90,-100,-100,-100,-100,-100,-100,-100,-100,-100,-100,-80,-100,-100,-100,-100,-100,-90,-100,-100,-100,-100,-100,-100
469,-79,-100,-87,-100,-100,-100,-100,-100,-100,-100,-100,-100,-100,-79,-100,-100,-100,-100,-100,-87,-100,-100,-100,-100,-100,-100
470,-84,-100,-89,-100,-100,-92,-100,-100,-100,-100,-100,-100,-100,-84,-100,-100,-100,-100,-100,-90,-100,-100,-100,-100,-100,-100
470,-81,-100,-89,-100,-100,-92,-100,-100,-100,-100,-100,-100,-100,-81,-100,-100,-100,-100,-100,-90,-100,-100,-100,-100,-100,-100
471,-80,-100,-100,-100,-100,-100,-100,-100,-100,-100,-100,-100,-100,-80,-100,-100,-100,-100,-100,-100,-100,-100,-100,-100,-100,-100
471,-81,-100,-92,-100,-100,-100,-100,-100,-100,-100,-100,-100,-100,-81,-100,-100,-100,-100,-100,-92,-100,-100,-100,-100,-100,-100
472,-78,-100,-92,-100,-100,-100,-100,-100,-100,-100,-100,-100,-100,-78,-100,-100,-100,-100,-100,-100,-100,-100,-100,-100,-100,-100
472,-83,-100,-92,-100,-100,-100,-100,-100,-100,-100,-100,-100,-100,-83,-100,-100,-100,-100,-100,-100,-100,-100,-100,-100,-100,-100
486,-86,-100,-100,-100,-100,-88,-100,-100,-100,-100,-100,-100,-100,-86,-100,-100,-100,-100,-100,-100,-100,-100,-100,-100,-100,-88
486,-90,-100,-100,-100,-100,-88,-100,-100,-100,-100,-100,-100,-100,-90,-100,-100,-100,-100,-100,-100,-100,-100,-100,-100,-100,-88
487,-82,-100,-100,-100,-100,-83,-100,-100,-100,-100,-100,-100,-100,-82,-100,-100,-100,-100,-100,-100,-100,-100,-100,-100,-100,-83
487,-89,-100,-100,-100,-100,-87,-100,-100,-100,-100,-100,-100,-100,-82,-100,-100,-100,-100,-100,-100,-100,-100,-100,-100,-100,-86
488,-78,-100,-100,-100,-100,-88,-100,-100,-100,-100,-100,-100,-100,-78,-100,-100,-100,-100,-100,-100,-100,-100,-100,-100,-100,-87
488,-79,-100,-100,-100,-100,-86,-100,-100,-100,-100,-100,-100,-100,-80,-100,-100,-100,-100,-100,-100,-100,-100,-100,-100,-100,-85
489,-85,-100,-100,-100,-100,-88,-100,-100,-100,-100,-100,-100,-100,-85,-100,-100,-100,-100,-100,-100,-100,-100,-100,-100,-100,-89
489,-89,-100,-100,-100,-100,-91,-100,-100,-100,-100,-100,-100,-100,-89,-100,-100,-100,-100,-100,-100,-100,-100,-100,-100,-100,-90
490,-84,-100,-100,-100,-100,-100,-100,-100,-100,-100,-100,-100,-100,-84,-100,-100,-100,-100,-100,-100,-100,-100,-100,-100,-100,-100
490,-88,-100,-100,-100,-100,-100,-100,-100,-100,-100,-100,-100,-100,-88,-100,-100,-100,-100,-100,-100,-100,-100,-100,-100,-100,-100
495,-89,-100,-100,-100,-100,-100,-100,-100,-100,-100,-100,-100,-100,-88,-100,-100,-100,-100,-100,-100,-100,-100,-100,-100,-100,-100
495,-78,-100,-100,-100,-100,-100,-100,-100,-100,-100,-100,-100,-100,-78,-100,-100,-100,-100,-100,-100,-100,-100,-100,-100,-100,-100
496,-89,-100,-100,-100,-100,-100,-100,-100,-100,-100,-100,-100,-100,-90,-100,-100,-100,-100,-100,-100,-100,-100,-100,-100,-100,-100
496,-81,-100,-100,-100,-100,-100,-100,-100,-100,-100,-100,-100,-100,-81,-100,-100,-100,-100,-100,-100,-100,-100,-100,-100,-100,-100
510,-87,-100,-100,-100,-100,-90,-100,-100,-100,-100,-100,-100,-100,-88,-100,-100,-100,-100,-100,-100,-100,-100,-100,-100,-100,-91
510,-81,-100,-100,-100,-100,-90,-100,-100,-100,-100,-100,-100,-100,-81,-100,-100,-100,-100,-100,-100,-100,-100,-100,-100,-100,-91
511,-84,-100,-100,-100,-100,-89,-100,-100,-100,-100,-100,-100,-100,-84,-100,-100,-100,-100,-100,-100,-100,-100,-100,-100,-100,-89
511,-84,-100,-100,-100,-100,-90,-100,-100,-100,-100,-100,-100,-100,-84,-100,-100,-100,-100,-100,-100,-100,-100,-100,-100,-100,-90
512,-90,-100,-100,-100,-100,-89,-100,-100,-100,-100,-100,-100,-100,-89,-100,-100,-100,-100,-100,-100,-100,-100,-100,-100,-100,-89
512,-90,-100,-100,-100,-100,-89,-100,-100,-100,-100,-100,-100,-100,-89,-100,-100,-100,-100,-100,-100,-100,-100,-100,-100,-100,-89
513,-89,-100,-100,-100,-100,-89,-100,-100,-100,-100,-100,-100,-100,-89,-100,-100,-100,-100,-100,-100,-100,-100,-100,-100,-100,-89
513,-92,-100,-100,-100,-100,-89,-100,-100,-100,-100,-100,-100,-100,-93,-100,-100,-100,-100,-100,-100,-100,-100,-100,-100,-100,-89
514,-92,-100,-100,-100,-100,-100,-100,-100,-100,-100,-100,-100,-100,-91,-100,-100,-100,-100,-100,-100,-100,-100,-100,-100,-100,-100
514,-91,-100,-100,-100,-100,-100,-100,-100,-100,-100,-100,-100,-100,-91,-100,-100,-100,-100,-100,-100,-100,-100,-100,-100,-100,-100
534,-84,-100,-100,-100,-100,-91,-100,-100,-100,-100,-100,-100,-100,-84,-100,-100,-100,-100,-100,-100,-100,-100,-100,-100,-100,-91
534,-85,-100,-100,-100,-100,-91,-100,-100,-100,-100,-100,-100,-100,-85,-100,-100,-100,-100,-100,-100,-100,-100,-100,-100,-100,-91
535,-90,-100,-100,-100,-100,-91,-100,-100,-100,-100,-100,-100,-100,-90,-100,-100,-100,-100,-100,-100,-100,-100,-100,-100,-100,-90
535,-88,-100,-100,-100,-100,-89,-100,-100,-100,-100,-100,-100,-100,-88,-100,-100,-100,-100,-100,-100,-100,-100,-100,-100,-100,-90
536,-92,-100,-100,-100,-100,-91,-100,-100,-100,-100,-100,-100,-100,-91,-100,-100,-100,-100,-100,-100,-100,-100,-100,-100,-100,-90
536,-92,-100,-100,-100,-100,-91,-100,-100,-100,-100,-100,-100,-100,-92,-100,-100,-100,-100,-100,-100,-100,-100,-100,-100,-100,-90
537,-86,-100,-100,-100,-100,-91,-100,-100,-100,-100,-100,-100,-100,-86,-100,-100,-100,-100,-100,-100,-100,-100,-100,-100,-100,-91
537,-88,-100,-100,-100,-100,-100,-100,-100,-100,-100,-100,-100,-100,-88,-100,-100,-100,-100,-100,-100,-100,-100,-100,-100,-100,-94
750,-100,-100,-92,-100,-100,-100,-100,-100,-100,-100,-100,-100,-100,-100,-100,-100,-100,-100,-100,-92,-100,-100,-100,-100,-100,-100
750,-100,-100,-100,-100,-100,-100,-100,-100,-100,-100,-100,-100,-100,-100,-100,-100,-100,-100,-100,-100,-100,-100,-100,-100,-100,-100
751,-100,-100,-91,-100,-100,-100,-100,-100,-100,-100,-100,-100,-100,-100,-100,-100,-100,-100,-100,-91,-100,-100,-100,-100,-100,-100
751,-100,-100,-91,-100,-100,-100,-100,-100,-100,-100,-100,-100,-100,-100,-100,-100,-100,-100,-100,-91,-100,-100,-100,-100,-100,-100
773,-100,-100,-91,-100,-100,-100,-100,-100,-100,-100,-100,-100,-100,-100,-100,-100,-100,-100,-100,-90,-100,-100,-100,-100,-100,-100
773,-100,-100,-91,-100,-100,-100,-100,-100,-100,-100,-100,-100,-100,-100,-100,-100,-100,-100,-100,-90,-100,-100,-100,-100,-100,-100
774,-100,-100,-100,-100,-100,-100,-100,-100,-100,-100,-100,-100,-100,-100,-100,-100,-100,-100,-100,-100,-100,-100,-100,-100,-100,-100
774,-100,-100,-100,-100,-100,-100,-100,-100,-100,-100,-100,-100,-100,-100,-100,-100,-100,-100,-100,-100,-100,-100,-100,-100,-100,-100
796,-100,-100,-100,-100,-100,-100,-100,-100,-100,-100,-100,-100,-100,-100,-100,-100,-100,-100,-100,-100,-100,-100,-100,-100,-100,-100
796,-100,-100,-100,-100,-100,-100,-100,-100,-100,-100,-100,-100,-100,-100,-100,-100,-100,-100,-100,-100,-100,-100,-100,-100,-100,-100
797,-100,-100,-100,-100,-100,-100,-100,-100,-100,-100,-100,-100,-100,-100,-100,-100,-100,-100,-100,-100,-100,-100,-100,-100,-100,-100
797,-100,-100,-100,-100,-100,-100,-100,-100,-100,-100,-100,-100,-100,-100,-100,-100,-100,-100,-100,-100,-100,-100,-100,-100,-100,-100
820,-100,-100,-93,-100,-100,-100,-100,-100,-100,-100,-100,-100,-100,-100,-100,-100,-100,-100,-100,-92,-100,-100,-100,-100,-100,-100
820,-100,-100,-93,-100,-100,-100,-100,-100,-100,-100,-100,-100,-100,-100,-100,-100,-100,-100,-100,-92,-100,-100,-100,-100,-100,-100
824,-100,-100,-89,-100,-100,-100,-100,-100,-100,-100,-100,-100,-100,-100,-100,-100,-100,-100,-100,-89,-100,-100,-100,-100,-100,-100
824,-100,-100,-89,-100,-100,-100,-100,-100,-100,-100,-100,-100,-100,-100,-100,-100,-100,-100,-100,-89,-100,-100,-100,-100,-100,-100
843,-100,-100,-92,-100,-100,-100,-100,-100,-100,-100,-100,-100,-100,-100,-100,-100,-100,-100,-100,-90,-100,-100,-100,-100,-100,-100
843,-100,-100,-93,-100,-100,-100,-100,-100,-100,-100,-100,-100,-100,-100,-100,-100,-100,-100,-100,-100,-100,-100,-100,-100,-100,-100
844,-90,-100,-92,-100,-100,-100,-100,-100,-100,-100,-100,-100,-100,-91,-100,-100,-100,-100,-100,-92,-100,-100,-100,-100,-100,-100
844,-90,-100,-88,-100,-100,-100,-100,-100,-100,-100,-100,-100,-100,-91,-100,-100,-100,-100,-100,-88,-100,-100,-100,-100,-100,-100
845,-100,-100,-92,-100,-100,-100,-100,-100,-100,-100,-100,-100,-100,-94,-100,-100,-100,-100,-100,-92,-100,-100,-100,-100,-100,-100
845,-93,-100,-92,-100,-100,-100,-100,-100,-100,-100,-100,-100,-100,-92,-100,-100,-100,-100,-100,-92,-100,-100,-100,-100,-100,-100
846,-100,-100,-100,-100,-100,-100,-100,-100,-100,-100,-100,-100,-100,-100,-100,-100,-100,-100,-100,-100,-100,-100,-100,-100,-100,-100
846,-100,-100,-100,-100,-100,-100,-100,-100,-100,-100,-100,-100,-100,-100,-100,-100,-100,-100,-100,-100,-100,-100,-100,-100,-100,-100
847,-100,-100,-91,-100,-100,-100,-100,-100,-100,-100,-100,-100,-100,-100,-100,-100,-100,-100,-100,-93,-100,-100,-100,-100,-100,-100
847,-100,-100,-91,-100,-100,-100,-100,-100,-100,-100,-100,-100,-100,-100,-100,-100,-100,-100,-100,-93,-100,-100,-100,-100,-100,-100
860,-100,-100,-100,-100,-100,-89,-100,-100,-100,-100,-100,-100,-100,-100,-100,-100,-100,-100,-100,-100,-100,-100,-100,-100,-100,-89
860,-100,-100,-100,-100,-100,-90,-100,-100,-100,-100,-100,-100,-100,-100,-100,-100,-100,-100,-100,-100,-100,-100,-100,-100,-100,-90
861,-100,-100,-100,-100,-100,-87,-100,-100,-100,-100,-100,-100,-100,-100,-100,-100,-100,-100,-100,-100,-100,-100,-100,-100,-100,-86
861,-100,-100,-100,-100,-100,-91,-100,-100,-100,-100,-100,-100,-100,-100,-100,-100,-100,-100,-100,-100,-100,-100,-100,-100,-100,-91
866,-100,-100,-100,-100,-100,-100,-100,-100,-100,-100,-100,-100,-100,-100,-100,-100,-100,-100,-100,-100,-100,-100,-100,-100,-100,-100
866,-100,-100,-93,-100,-100,-100,-100,-100,-100,-100,-100,-100,-100,-100,-100,-100,-100,-100,-100,-92,-100,-100,-100,-100,-100,-100
870,-90,-100,-100,-100,-100,-100,-100,-100,-100,-100,-100,-100,-100,-100,-100,-100,-100,-100,-100,-100,-100,-100,-100,-100,-100,-100
870,-90,-100,-100,-100,-100,-90,-100,-100,-100,-100,-100,-100,-100,-100,-100,-100,-100,-100,-100,-100,-100,-100,-100,-100,-100,-90
883,-100,-100,-100,-100,-100,-84,-100,-100,-100,-100,-100,-100,-100,-100,-100,-100,-100,-100,-100,-100,-100,-100,-100,-100,-100,-84
883,-100,-100,-100,-100,-100,-90,-100,-100,-100,-100,-100,-100,-100,-100,-100,-100,-100,-100,-100,-100,-100,-100,-100,-100,-100,-89
884,-100,-100,-100,-100,-100,-83,-100,-100,-100,-100,-100,-100,-100,-100,-100,-100,-100,-100,-100,-100,-100,-100,-100,-100,-100,-83
884,-100,-100,-100,-100,-100,-84,-100,-100,-100,-100,-100,-100,-100,-100,-100,-100,-100,-100,-100,-100,-100,-100,-100,-100,-100,-84
889,-89,-100,-100,-100,-100,-100,-100,-100,-100,-100,-100,-100,-100,-89,-100,-100,-100,-100,-100,-100,-100,-100,-100,-100,-100,-100
889,-79,-100,-100,-100,-100,-100,-100,-100,-100,-100,-100,-100,-100,-79,-100,-100,-100,-100,-100,-100,-100,-100,-100,-100,-100,-100
893,-86,-100,-100,-100,-100,-90,-100,-100,-100,-100,-100,-100,-100,-87,-100,-100,-100,-100,-100,-100,-100,-100,-100,-100,-100,-90
893,-90,-100,-100,-100,-100,-90,-100,-100,-100,-100,-100,-100,-100,-87,-100,-100,-100,-100,-100,-100,-100,-100,-100,-100,-100,-90
898,-73,-100,-100,-100,-100,-90,-100,-100,-100,-100,-100,-100,-100,-87,-100,-100,-100,-100,-100,-100,-100,-100,-100,-100,-100,-90
898,-81,-100,-100,-100,-100,-90,-100,-100,-100,-100,-100,-100,-100,-83,-100,-100,-100,-100,-100,-100,-100,-100,-100,-100,-100,-90
899,-87,-100,-100,-100,-100,-100,-100,-100,-100,-100,-100,-100,-100,-87,-100,-100,-100,-100,-100,-100,-100,-100,-100,-100,-100,-100
899,-86,-100,-100,-100,-100,-100,-100,-100,-100,-100,-100,-100,-100,-86,-100,-100,-100,-100,-100,-100,-100,-100,-100,-100,-100,-100
900,-78,-100,-100,-100,-100,-100,-100,-100,-100,-100,-100,-100,-100,-78,-100,-100,-100,-100,-100,-100,-100,-100,-100,-100,-100,-100
900,-82,-100,-100,-100,-100,-100,-100,-100,-100,-100,-100,-100,-100,-82,-100,-100,-100,-100,-100,-100,-100,-100,-100,-100,-100,-100
906,-100,-100,-100,-100,-100,-85,-100,-100,-100,-100,-100,-100,-100,-100,-100,-100,-100,-100,-100,-100,-100,-100,-100,-100,-100,-85
906,-100,-100,-100,-100,-100,-84,-100,-100,-100,-100,-100,-100,-100,-100,-100,-100,-100,-100,-100,-100,-100,-100,-100,-100,-100,-84
907,-100,-100,-100,-100,-100,-85,-100,-100,-100,-100,-100,-100,-100,-100,-100,-100,-100,-100,-100,-100,-100,-100,-100,-100,-100,-85
907,-100,-100,-100,-100,-100,-84,-100,-100,-100,-100,-100,-100,-100,-100,-100,-100,-100,-100,-100,-100,-100,-100,-100,-100,-100,-84
912,-79,-100,-100,-100,-100,-89,-100,-100,-100,-100,-100,-100,-100,-79,-100,-100,-100,-100,-100,-100,-100,-100,-100,-100,-100,-89
912,-89,-100,-100,-100,-100,-89,-100,-100,-100,-100,-100,-100,-100,-89,-100,-100,-100,-100,-100,-100,-100,-100,-100,-100,-100,-89
916,-74,-100,-100,-100,-100,-90,-100,-100,-100,-100,-100,-100,-100,-74,-100,-100,-100,-100,-100,-100,-100,-100,-100,-100,-100,-90
916,-74,-100,-100,-100,-100,-92,-100,-100,-100,-100,-100,-100,-100,-74,-100,-100,-100,-100,-100,-100,-100,-100,-100,-100,-100,-91
921,-72,-100,-100,-100,-100,-88,-100,-100,-100,-100,-100,-100,-100,-72,-100,-100,-100,-100,-100,-100,-100,-100,-100,-100,-100,-89
921,-70,-100,-100,-100,-100,-90,-100,-100,-100,-100,-100,-100,-100,-71,-100,-100,-100,-100,-100,-100,-100,-100,-100,-100,-100,-90
922,-71,-100,-100,-100,-100,-88,-100,-100,-100,-100,-100,-100,-100,-72,-100,-100,-100,-100,-100,-100,-100,-100,-100,-100,-100,-89
922,-71,-100,-100,-100,-100,-90,-100,-100,-100,-100,-100,-100,-100,-72,-100,-100,-100,-100,-100,-100,-100,-100,-100,-100,-100,-100
923,-78,-100,-100,-100,-100,-100,-100,-100,-100,-100,-100,-100,-100,-78,-100,-100,-100,-100,-100,-100,-100,-100,-100,-100,-100,-100
923,-73,-100,-100,-100,-100,-100,-100,-100,-100,-100,-100,-100,-100,-75,-100,-100,-100,-100,-100,-100,-100,-100,-100,-100,-100,-100
930,-90,-100,-100,-100,-100,-80,-100,-100,-100,-100,-100,-100,-100,-88,-100,-100,-100,-100,-100,-100,-100,-100,-100,-100,-100,-80
930,-90,-100,-100,-100,-100,-84,-100,-100,-100,-100,-100,-100,-100,-88,-100,-100,-100,-100,-100,-100,-100,-100,-100,-100,-100,-84
934,-81,-100,-100,-100,-100,-85,-100,-100,-100,-100,-100,-100,-100,-81,-100,-100,-100,-100,-100,-93,-100,-100,-100,-100,-100,-85
934,-82,-100,-100,-100,-100,-89,-100,-100,-100,-100,-100,-100,-100,-82,-100,-100,-100,-100,-100,-93,-100,-100,-100,-100,-100,-89
935,-83,-100,-100,-100,-100,-86,-100,-100,-100,-100,-100,-100,-100,-83,-100,-100,-100,-100,-100,-93,-100,-100,-100,-100,-100,-86
935,-72,-100,-100,-100,-100,-86,-100,-100,-100,-100,-100,-100,-100,-72,-100,-100,-100,-100,-100,-93,-100,-100,-100,-100,-100,-86
939,-78,-100,-100,-100,-100,-91,-100,-100,-100,-100,-100,-100,-100,-79,-100,-100,-100,-100,-100,-100,-100,-100,-100,-100,-100,-91
939,-79,-100,-100,-100,-100,-91,-100,-100,-100,-100,-100,-100,-100,-79,-100,-100,-100,-100,-100,-100,-100,-100,-100,-100,-100,-91
940,-64,-100,-100,-100,-100,-92,-100,-100,-100,-100,-100,-100,-100,-64,-100,-100,-100,-100,-100,-100,-100,-100,-100,-100,-100,-92
940,-65,-100,-100,-100,-100,-92,-100,-100,-100,-100,-100,-100,-100,-65,-100,-100,-100,-100,-100,-100,-100,-100,-100,-100,-100,-92
941,-77,-100,-100,-100,-100,-92,-100,-100,-100,-100,-100,-100,-100,-77,-100,-100,-100,-100,-100,-100,-100,-100,-100,-100,-100,-91
941,-65,-100,-100,-100,-100,-100,-100,-100,-100,-100,-100,-100,-100,-65,-100,-100,-100,-100,-100,-100,-100,-100,-100,-100,-100,-100
942,-66,-100,-100,-100,-100,-91,-100,-100,-100,-100,-100,-100,-100,-66,-100,-100,-100,-100,-100,-100,-100,-100,-100,-100,-100,-92
942,-77,-100,-100,-100,-100,-91,-100,-100,-100,-100,-100,-100,-100,-77,-100,-100,-100,-100,-100,-100,-100,-100,-100,-100,-100,-92
943,-79,-100,-100,-100,-100,-92,-100,-100,-100,-100,-100,-100,-100,-79,-100,-100,-100,-100,-100,-100,-100,-100,-100,-100,-100,-91
943,-78,-100,-100,-100,-100,-89,-100,-100,-100,-100,-100,-100,-100,-78,-100,-100,-100,-100,-100,-100,-100,-100,-100,-100,-100,-89
944,-73,-100,-100,-100,-100,-100,-100,-100,-100,-100,-100,-100,-100,-74,-100,-100,-100,-100,-100,-100,-100,-100,-100,-100,-100,-100
944,-77,-100,-100,-100,-100,-100,-100,-100,-100,-100,-100,-100,-100,-77,-100,-100,-100,-100,-100,-100,-100,-100,-100,-100,-100,-100
945,-80,-100,-100,-100,-100,-100,-100,-100,-100,-100,-100,-100,-100,-80,-100,-100,-100,-100,-100,-100,-100,-100,-100,-100,-100,-100
945,-78,-100,-100,-100,-100,-100,-100,-100,-100,-100,-100,-100,-100,-78,-100,-100,-100,-100,-100,-100,-100,-100,-100,-100,-100,-100
946,-77,-100,-100,-100,-100,-100,-100,-100,-100,-100,-100,-100,-100,-78,-100,-100,-100,-100,-100,-100,-100,-100,-100,-100,-100,-100
946,-74,-100,-100,-100,-100,-100,-100,-100,-100,-100,-100,-100,-100,-74,-100,-100,-100,-100,-100,-100,-100,-100,-100,-100,-100,-100
953,-94,-100,-100,-100,-100,-82,-100,-100,-100,-100,-100,-100,-100,-100,-100,-100,-100,-100,-100,-100,-100,-100,-100,-100,-100,-82
953,-90,-100,-100,-100,-100,-83,-100,-100,-100,-100,-100,-100,-100,-88,-100,-100,-100,-100,-100,-100,-100,-100,-100,-100,-100,-83
954,-89,-100,-100,-100,-100,-81,-100,-100,-100,-100,-100,-100,-100,-89,-100,-100,-100,-100,-100,-100,-100,-100,-100,-100,-100,-81
954,-92,-100,-100,-100,-100,-73,-100,-100,-100,-100,-100,-100,-100,-92,-100,-100,-100,-100,-100,-100,-100,-100,-100,-100,-100,-73
955,-90,-100,-100,-100,-100,-88,-100,-100,-100,-100,-100,-100,-100,-91,-100,-100,-100,-100,-100,-100,-100,-100,-100,-100,-100,-87
955,-86,-100,-100,-100,-100,-81,-100,-100,-100,-100,-100,-100,-100,-87,-100,-100,-100,-100,-100,-100,-100,-100,-100,-100,-100,-81
956,-88,-100,-100,-100,-100,-89,-100,-100,-100,-100,-100,-100,-100,-88,-100,-100,-100,-100,-100,-100,-100,-100,-100,-100,-100,-89
956,-88,-100,-100,-100,-100,-87,-100,-100,-100,-100,-100,-100,-100,-89,-100,-100,-100,-100,-100,-100,-100,-100,-100,-100,-100,-87
957,-87,-100,-92,-100,-100,-89,-100,-100,-100,-100,-100,-100,-100,-87,-100,-100,-100,-100,-100,-93,-100,-100,-100,-100,-100,-90
957,-89,-100,-92,-100,-100,-89,-100,-100,-100,-100,-100,-100,-100,-90,-100,-100,-100,-100,-100,-93,-100,-100,-100,-100,-100,-89
958,-85,-100,-100,-100,-100,-89,-100,-100,-100,-100,-100,-100,-100,-85,-100,-100,-100,-100,-100,-100,-100,-100,-100,-100,-100,-89
958,-85,-100,-100,-100,-100,-88,-100,-100,-100,-100,-100,-100,-100,-89,-100,-100,-100,-100,-100,-100,-100,-100,-100,-100,-100,-88
960,-82,-100,-100,-100,-100,-88,-100,-100,-100,-100,-100,-100,-100,-82,-100,-100,-100,-100,-100,-100,-100,-100,-100,-100,-100,-89
960,-84,-100,-100,-100,-100,-88,-100,-100,-100,-100,-100,-100,-100,-83,-100,-100,-100,-100,-100,-100,-100,-100,-100,-100,-100,-89
961,-78,-100,-100,-100,-100,-87,-100,-100,-100,-100,-100,-100,-100,-78,-100,-100,-100,-100,-100,-100,-100,-100,-100,-100,-100,-87
961,-71,-100,-100,-100,-100,-88,-100,-100,-100,-100,-100,-100,-100,-71,-100,-100,-100,-100,-100,-100,-100,-100,-100,-100,-100,-89
962,-76,-100,-100,-100,-100,-90,-100,-100,-100,-100,-100,-100,-100,-76,-100,-100,-100,-100,-100,-100,-100,-100,-100,-100,-100,-90
962,-78,-100,-100,-100,-100,-89,-100,-100,-100,-100,-100,-100,-100,-79,-100,-100,-100,-100,-100,-100,-100,-100,-100,-100,-100,-89
967,-76,-100,-100,-100,-100,-100,-100,-100,-100,-100,-100,-100,-100,-76,-100,-100,-100,-100,-100,-100,-100,-100,-100,-100,-100,-100
967,-81,-100,-100,-100,-100,-100,-100,-100,-100,-100,-100,-100,-100,-81,-100,-100,-100,-100,-100,-100,-100,-100,-100,-100,-100,-100
968,-73,-100,-100,-100,-100,-100,-100,-100,-100,-100,-100,-100,-100,-73,-100,-100,-100,-100,-100,-100,-100,-100,-100,-100,-100,-100
968,-79,-100,-100,-100,-100,-100,-100,-100,-100,-100,-100,-100,-100,-80,-100,-100,-100,-100,-100,-100,-100,-100,-100,-100,-100,-100
969,-79,-100,-100,-100,-100,-100,-100,-100,-100,-100,-100,-100,-100,-79,-100,-100,-100,-100,-100,-100,-100,-100,-100,-100,-100,-100
969,-68,-100,-100,-100,-100,-100,-100,-100,-100,-100,-100,-100,-100,-69,-100,-100,-100,-100,-100,-100,-100,-100,-100,-100,-100,-100
976,-91,-100,-100,-100,-100,-83,-100,-100,-100,-100,-100,-100,-100,-91,-100,-100,-100,-100,-100,-100,-100,-100,-100,-100,-100,-83
976,-91,-100,-100,-100,-100,-83,-100,-100,-100,-100,-100,-100,-100,-91,-100,-100,-100,-100,-100,-100,-100,-100,-100,-100,-100,-83
981,-83,-100,-100,-100,-100,-85,-100,-100,-100,-100,-100,-100,-100,-82,-100,-100,-100,-100,-100,-100,-100,-100,-100,-100,-100,-85
981,-90,-100,-100,-100,-100,-89,-100,-100,-100,-100,-100,-100,-100,-89,-100,-100,-100,-100,-100,-100,-100,-100,-100,-100,-100,-88
985,-91,-100,-100,-100,-100,-88,-100,-100,-100,-100,-100,-100,-100,-90,-100,-100,-100,-100,-100,-100,-100,-100,-100,-100,-100,-88
985,-86,-100,-100,-100,-100,-85,-100,-100,-100,-100,-100,-100,-100,-86,-100,-100,-100,-100,-100,-100,-100,-100,-100,-100,-100,-86
990,-84,-100,-100,-100,-100,-100,-100,-100,-100,-100,-100,-100,-100,-84,-100,-100,-100,-100,-100,-100,-100,-100,-100,-100,-100,-100
990,-80,-100,-100,-100,-100,-100,-100,-100,-100,-100,-100,-100,-100,-80,-100,-100,-100,-100,-100,-100,-100,-100,-100,-100,-100,-100
991,-86,-100,-100,-100,-100,-100,-100,-100,-100,-100,-100,-100,-100,-86,-100,-100,-100,-100,-100,-100,-100,-100,-100,-100,-100,-100
991,-85,-100,-100,-100,-100,-100,-100,-100,-100,-100,-100,-100,-100,-85,-100,-100,-100,-100,-100,-100,-100,-100,-100,-100,-100,-100
992,-87,-100,-100,-100,-100,-100,-100,-100,-100,-100,-100,-100,-100,-86,-100,-100,-100,-100,-100,-100,-100,-100,-100,-100,-100,-100
992,-83,-100,-100,-100,-100,-100,-100,-100,-100,-100,-100,-100,-100,-83,-100,-100,-100,-100,-100,-100,-100,-100,-100,-100,-100,-100
999,-84,-100,-100,-100,-100,-78,-100,-100,-100,-100,-100,-100,-100,-84,-100,-100,-100,-100,-100,-100,-100,-100,-100,-100,-100,-78
999,-84,-100,-100,-100,-100,-81,-100,-100,-100,-100,-100,-100,-100,-84,-100,-100,-100,-100,-100,-100,-100,-100,-100,-100,-100,-81
1003,-84,-100,-100,-100,-100,-90,-100,-100,-100,-100,-100,-100,-100,-86,-100,-100,-100,-100,-100,-100,-100,-100,-100,-100,-100,-89
1003,-88,-100,-100,-100,-100,-85,-100,-100,-100,-100,-100,-100,-100,-89,-100,-100,-100,-100,-100,-100,-100,-100,-100,-100,-100,-85
1004,-79,-100,-100,-100,-100,-83,-100,-100,-100,-100,-100,-100,-100,-79,-100,-100,-100,-100,-100,-100,-100,-100,-100,-100,-100,-83
1004,-77,-100,-100,-100,-100,-83,-100,-100,-100,-100,-100,-100,-100,-77,-100,-100,-100,-100,-100,-100,-100,-100,-100,-100,-100,-83
1008,-89,-100,-100,-100,-100,-89,-100,-100,-100,-100,-100,-100,-100,-88,-100,-100,-100,-100,-100,-100,-100,-100,-100,-100,-100,-89
1008,-89,-100,-100,-100,-100,-86,-100,-100,-100,-100,-100,-100,-100,-88,-100,-100,-100,-100,-100,-100,-100,-100,-100,-100,-100,-86
1022,-84,-100,-100,-100,-100,-70,-100,-100,-100,-100,-100,-100,-100,-85,-100,-100,-100,-100,-100,-100,-100,-100,-100,-100,-100,-70
1022,-83,-100,-100,-100,-100,-72,-100,-100,-100,-100,-100,-100,-100,-83,-100,-100,-100,-100,-100,-100,-100,-100,-100,-100,-100,-73
1023,-89,-100,-100,-100,-100,-82,-100,-100,-100,-100,-100,-100,-100,-89,-100,-100,-100,-100,-100,-100,-100,-100,-100,-100,-100,-82
1023,-89,-100,-100,-100,-100,-83,-100,-100,-100,-100,-100,-100,-100,-89,-100,-100,-100,-100,-100,-100,-100,-100,-100,-100,-100,-83
1026,-84,-100,-100,-100,-100,-81,-100,-100,-100,-100,-100,-100,-100,-84,-100,-100,-100,-100,-100,-100,-100,-100,-100,-100,-100,-81
1026,-83,-100,-100,-100,-100,-83,-100,-100,-100,-100,-100,-100,-100,-83,-100,-100,-100,-100,-100,-100,-100,-100,-100,-100,-100,-82
1027,-88,-100,-100,-100,-100,-84,-100,-100,-100,-100,-100,-100,-100,-90,-100,-100,-100,-100,-100,-100,-100,-100,-100,-100,-100,-84
1027,-88,-100,-100,-100,-100,-80,-100,-100,-100,-100,-100,-100,-100,-88,-100,-100,-100,-100,-100,-100,-100,-100,-100,-100,-100,-80
1031,-86,-100,-100,-100,-100,-89,-100,-100,-100,-100,-100,-100,-100,-86,-100,-100,-100,-100,-100,-100,-100,-100,-100,-100,-100,-90
1031,-87,-100,-100,-100,-100,-89,-100,-100,-100,-100,-100,-100,-100,-87,-100,-100,-100,-100,-100,-100,-100,-100,-100,-100,-100,-90
1045,-81,-100,-100,-100,-100,-76,-100,-100,-100,-100,-100,-100,-100,-81,-100,-100,-100,-100,-100,-100,-100,-100,-100,-100,-100,-77
1045,-82,-100,-100,-100,-100,-76,-100,-100,-100,-100,-100,-100,-100,-82,-100,-100,-100,-100,-100,-100,-100,-100,-100,-100,-100,-77
1046,-88,-100,-100,-100,-100,-76,-100,-100,-100,-100,-100,-100,-100,-88,-100,-100,-100,-100,-100,-100,-100,-100,-100,-100,-100,-76
1046,-88,-100,-100,-100,-100,-76,-100,-100,-100,-100,-100,-100,-100,-88,-100,-100,-100,-100,-100,-100,-100,-100,-100,-100,-100,-76
1047,-85,-100,-100,-100,-100,-83,-100,-100,-100,-100,-100,-100,-100,-85,-100,-100,-100,-100,-100,-100,-100,-100,-100,-100,-100,-83
1047,-90,-100,-100,-100,-100,-84,-100,-100,-100,-100,-100,-100,-100,-91,-100,-100,-100,-100,-100,-100,-100,-100,-100,-100,-100,-84
1048,-86,-100,-100,-100,-100,-86,-100,-100,-100,-100,-100,-100,-100,-86,-100,-100,-100,-100,-100,-100,-100,-100,-100,-100,-100,-86
1048,-90,-100,-100,-100,-100,-83,-100,-100,-100,-100,-100,-100,-100,-90,-100,-100,-100,-100,-100,-100,-100,-100,-100,-100,-100,-84
1049,-90,-100,-100,-100,-100,-89,-100,-100,-100,-100,-100,-100,-100,-90,-100,-100,-100,-100,-100,-100,-100,-100,-100,-100,-100,-89
1049,-91,-100,-100,-100,-100,-89,-100,-100,-100,-100,-100,-100,-100,-91,-100,-100,-100,-100,-100,-100,-100,-100,-100,-100,-100,-90
1050,-92,-100,-100,-100,-100,-90,-100,-100,-100,-100,-100,-100,-100,-91,-100,-100,-100,-100,-100,-100,-100,-100,-100,-100,-100,-89
1050,-88,-100,-100,-100,-100,-90,-100,-100,-100,-100,-100,-100,-100,-88,-100,-100,-100,-100,-100,-100,-100,-100,-100,-100,-100,-89
1051,-88,-100,-100,-100,-100,-90,-100,-100,-100,-100,-100,-100,-100,-92,-100,-100,-100,-100,-100,-100,-100,-100,-100,-100,-100,-91
1051,-88,-100,-100,-100,-100,-90,-100,-100,-100,-100,-100,-100,-100,-92,-100,-100,-100,-100,-100,-100,-100,-100,-100,-100,-100,-91
1052,-91,-100,-100,-100,-100,-85,-100,-100,-100,-100,-100,-100,-100,-92,-100,-100,-100,-100,-100,-100,-100,-100,-100,-100,-100,-85
1052,-89,-100,-100,-100,-100,-90,-100,-100,-100,-100,-100,-100,-100,-89,-100,-100,-100,-100,-100,-100,-100,-100,-100,-100,-100,-89
1053,-88,-100,-100,-100,-100,-90,-100,-100,-100,-100,-100,-100,-100,-88,-100,-100,-100,-100,-100,-100,-100,-100,-100,-100,-100,-89
1053,-91,-100,-100,-100,-100,-90,-100,-100,-100,-100,-100,-100,-100,-92,-100,-100,-100,-100,-100,-100,-100,-100,-100,-100,-100,-90
1054,-89,-100,-100,-100,-100,-91,-100,-100,-100,-100,-100,-100,-100,-90,-100,-100,-100,-100,-100,-100,-100,-100,-100,-100,-100,-91
1054,-90,-100,-100,-100,-100,-90,-100,-100,-100,-100,-100,-100,-100,-90,-100,-100,-100,-100,-100,-100,-100,-100,-100,-100,-100,-89
1072,-92,-100,-100,-100,-100,-100,-100,-100,-100,-100,-100,-100,-100,-93,-100,-100,-100,-100,-100,-100,-100,-100,-100,-100,-100,-100
1072,-92,-100,-100,-100,-100,-100,-100,-100,-100,-100,-100,-100,-100,-93,-100,-100,-100,-100,-100,-100,-100,-100,-100,-100,-100,-100
1073,-92,-100,-100,-100,-100,-89,-100,-100,-100,-100,-100,-100,-100,-92,-100,-100,-100,-100,-100,-100,-100,-100,-100,-100,-100,-89
1073,-90,-100,-100,-100,-100,-89,-100,-100,-100,-100,-100,-100,-100,-90,-100,-100,-100,-100,-100,-100,-100,-100,-100,-100,-100,-89
1074,-100,-100,-100,-100,-100,-100,-100,-100,-100,-100,-100,-100,-100,-94,-100,-100,-100,-100,-100,-100,-100,-100,-100,-100,-100,-100
1074,-100,-100,-100,-100,-100,-100,-100,-100,-100,-100,-100,-100,-100,-93,-100,-100,-100,-100,-100,-100,-100,-100,-100,-100,-100,-100
1075,-90,-100,-100,-100,-100,-89,-100,-100,-100,-100,-100,-100,-100,-89,-100,-100,-100,-100,-100,-100,-100,-100,-100,-100,-100,-89
1075,-90,-100,-100,-100,-100,-88,-100,-100,-100,-100,-100,-100,-100,-90,-100,-100,-100,-100,-100,-100,-100,-100,-100,-100,-100,-88
1076,-90,-100,-100,-100,-100,-88,-100,-100,-100,-100,-100,-100,-100,-90,-100,-100,-100,-100,-100,-100,-100,-100,-100,-100,-100,-88
1076,-90,-100,-100,-100,-100,-88,-100,-100,-100,-100,-100,-100,-100,-90,-100,-100,-100,-100,-100,-100,-100,-100,-100,-100,-100,-88
1077,-100,-100,-100,-100,-100,-92,-100,-100,-100,-100,-100,-100,-100,-100,-100,-100,-100,-100,-100,-100,-100,-100,-100,-100,-100,-100
1077,-90,-100,-100,-100,-100,-89,-100,-100,-100,-100,-100,-100,-100,-90,-100,-100,-100,-100,-100,-100,-100,-100,-100,-100,-100,-89
1095,-92,-100,-100,-100,-100,-100,-100,-100,-100,-100,-100,-100,-100,-100,-100,-100,-100,-100,-100,-100,-100,-100,-100,-100,-100,-100
1095,-100,-100,-100,-100,-100,-100,-100,-100,-100,-100,-100,-100,-100,-100,-100,-100,-100,-100,-100,-100,-100,-100,-100,-100,-100,-100
1096,-92,-100,-100,-100,-100,-89,-100,-100,-100,-100,-100,-100,-100,-92,-100,-100,-100,-100,-100,-100,-100,-100,-100,-100,-100,-93
1096,-92,-100,-100,-100,-100,-100,-100,-100,-100,-100,-100,-100,-100,-92,-100,-100,-100,-100,-100,-100,-100,-100,-100,-100,-100,-93
1097,-92,-100,-100,-100,-100,-94,-100,-100,-100,-100,-100,-100,-100,-92,-100,-100,-100,-100,-100,-100,-100,-100,-100,-100,-100,-94
1097,-92,-100,-100,-100,-100,-94,-100,-100,-100,-100,-100,-100,-100,-92,-100,-100,-100,-100,-100,-100,-100,-100,-100,-100,-100,-94
1100,-100,-100,-100,-100,-100,-100,-100,-100,-100,-100,-100,-100,-100,-100,-100,-100,-100,-100,-100,-100,-100,-100,-100,-100,-100,-100
1100,-100,-100,-100,-100,-100,-93,-100,-100,-100,-100,-100,-100,-100,-100,-100,-100,-100,-100,-100,-100,-100,-100,-100,-100,-100,-100

